<annotation><filename>cloudy_123.jpg</filename><path>cloudy_123.jpg</path><size><width>640</width><height>640</height><depth>3</depth></size><object><name>car</name><pose>Unspecified</pose><truncated>0</truncated><difficult>0</difficult><bndbox><xmin>382</xmin><ymin>519</ymin><xmax>555</xmax><ymax>641</ymax></bndbox></object><object><name>car</name><pose>Unspecified</pose><truncated>0</truncated><difficult>0</difficult><bndbox><xmin>529</xmin><ymin>542</ymin><xmax>641</xmax><ymax>641</ymax></bndbox></object><object><name>bus</name><pose>Unspecified</pose><truncated>0</truncated><difficult>0</difficult><bndbox><xmin>1</xmin><ymin>6</ymin><xmax>301</xmax><ymax>641</ymax></bndbox></object><object><name>bus</name><pose>Unspecified</pose><truncated>0</truncated><difficult>0</difficult><bndbox><xmin>223</xmin><ymin>487</ymin><xmax>350</xmax><ymax>603</ymax></bndbox></object></annotation>