<annotation><filename>cloudy_172.jpg</filename><path>cloudy_172.jpg</path><size><width>640</width><height>640</height><depth>3</depth></size><object><name>person</name><pose>Unspecified</pose><truncated>0</truncated><difficult>0</difficult><bndbox><xmin>314</xmin><ymin>458</ymin><xmax>371</xmax><ymax>598</ymax></bndbox></object><object><name>person</name><pose>Unspecified</pose><truncated>0</truncated><difficult>0</difficult><bndbox><xmin>256</xmin><ymin>442</ymin><xmax>296</xmax><ymax>565</ymax></bndbox></object><object><name>person</name><pose>Unspecified</pose><truncated>0</truncated><difficult>0</difficult><bndbox><xmin>203</xmin><ymin>444</ymin><xmax>247</xmax><ymax>578</ymax></bndbox></object><object><name>person</name><pose>Unspecified</pose><truncated>0</truncated><difficult>0</difficult><bndbox><xmin>176</xmin><ymin>403</ymin><xmax>230</xmax><ymax>492</ymax></bndbox></object></annotation>