<annotation><filename>cloudy_10.jpg</filename><path>cloudy_10.jpg</path><size><width>640</width><height>640</height><depth>3</depth></size><object><name>person</name><pose>Unspecified</pose><truncated>0</truncated><difficult>0</difficult><bndbox><xmin>221</xmin><ymin>1</ymin><xmax>426</xmax><ymax>189</ymax></bndbox></object><object><name>person</name><pose>Unspecified</pose><truncated>0</truncated><difficult>0</difficult><bndbox><xmin>510</xmin><ymin>1</ymin><xmax>631</xmax><ymax>126</ymax></bndbox></object><object><name>person</name><pose>Unspecified</pose><truncated>0</truncated><difficult>0</difficult><bndbox><xmin>128</xmin><ymin>5</ymin><xmax>244</xmax><ymax>108</ymax></bndbox></object></annotation>