<annotation><filename>cloudy_143.jpg</filename><path>cloudy_143.jpg</path><size><width>640</width><height>640</height><depth>3</depth></size><object><name>truck</name><pose>Unspecified</pose><truncated>0</truncated><difficult>0</difficult><bndbox><xmin>287</xmin><ymin>453</ymin><xmax>355</xmax><ymax>558</ymax></bndbox></object><object><name>truck</name><pose>Unspecified</pose><truncated>0</truncated><difficult>0</difficult><bndbox><xmin>137</xmin><ymin>431</ymin><xmax>269</xmax><ymax>576</ymax></bndbox></object></annotation>