<annotation><filename>cloudy_15.jpg</filename><path>cloudy_15.jpg</path><size><width>640</width><height>640</height><depth>3</depth></size><object><name>person</name><pose>Unspecified</pose><truncated>0</truncated><difficult>0</difficult><bndbox><xmin>444</xmin><ymin>235</ymin><xmax>528</xmax><ymax>381</ymax></bndbox></object><object><name>person</name><pose>Unspecified</pose><truncated>0</truncated><difficult>0</difficult><bndbox><xmin>339</xmin><ymin>146</ymin><xmax>417</xmax><ymax>305</ymax></bndbox></object><object><name>person</name><pose>Unspecified</pose><truncated>0</truncated><difficult>0</difficult><bndbox><xmin>246</xmin><ymin>497</ymin><xmax>340</xmax><ymax>619</ymax></bndbox></object></annotation>