<annotation><filename>cloudy_62.jpg</filename><path>cloudy_62.jpg</path><size><width>640</width><height>640</height><depth>3</depth></size><object><name>car</name><pose>Unspecified</pose><truncated>0</truncated><difficult>0</difficult><bndbox><xmin>271</xmin><ymin>549</ymin><xmax>340</xmax><ymax>608</ymax></bndbox></object><object><name>van</name><pose>Unspecified</pose><truncated>0</truncated><difficult>0</difficult><bndbox><xmin>497</xmin><ymin>512</ymin><xmax>569</xmax><ymax>601</ymax></bndbox></object><object><name>car</name><pose>Unspecified</pose><truncated>0</truncated><difficult>0</difficult><bndbox><xmin>78</xmin><ymin>555</ymin><xmax>203</xmax><ymax>621</ymax></bndbox></object><object><name>car</name><pose>Unspecified</pose><truncated>0</truncated><difficult>0</difficult><bndbox><xmin>180</xmin><ymin>500</ymin><xmax>258</xmax><ymax>557</ymax></bndbox></object><object><name>car</name><pose>Unspecified</pose><truncated>0</truncated><difficult>0</difficult><bndbox><xmin>235</xmin><ymin>471</ymin><xmax>290</xmax><ymax>506</ymax></bndbox></object><object><name>car</name><pose>Unspecified</pose><truncated>0</truncated><difficult>0</difficult><bndbox><xmin>299</xmin><ymin>483</ymin><xmax>353</xmax><ymax>508</ymax></bndbox></object><object><name>car</name><pose>Unspecified</pose><truncated>0</truncated><difficult>0</difficult><bndbox><xmin>319</xmin><ymin>444</ymin><xmax>351</xmax><ymax>462</ymax></bndbox></object><object><name>car</name><pose>Unspecified</pose><truncated>0</truncated><difficult>0</difficult><bndbox><xmin>396</xmin><ymin>462</ymin><xmax>448</xmax><ymax>489</ymax></bndbox></object><object><name>car</name><pose>Unspecified</pose><truncated>0</truncated><difficult>0</difficult><bndbox><xmin>374</xmin><ymin>442</ymin><xmax>414</xmax><ymax>465</ymax></bndbox></object><object><name>car</name><pose>Unspecified</pose><truncated>0</truncated><difficult>0</difficult><bndbox><xmin>571</xmin><ymin>496</ymin><xmax>628</xmax><ymax>533</ymax></bndbox></object><object><name>car</name><pose>Unspecified</pose><truncated>0</truncated><difficult>0</difficult><bndbox><xmin>442</xmin><ymin>519</ymin><xmax>480</xmax><ymax>558</ymax></bndbox></object><object><name>car</name><pose>Unspecified</pose><truncated>0</truncated><difficult>0</difficult><bndbox><xmin>494</xmin><ymin>460</ymin><xmax>524</xmax><ymax>483</ymax></bndbox></object><object><name>car</name><pose>Unspecified</pose><truncated>0</truncated><difficult>0</difficult><bndbox><xmin>42</xmin><ymin>444</ymin><xmax>83</xmax><ymax>469</ymax></bndbox></object></annotation>