<annotation><filename>cloudy_43.jpg</filename><path>cloudy_43.jpg</path><size><width>640</width><height>640</height><depth>3</depth></size><object><name>person</name><pose>Unspecified</pose><truncated>0</truncated><difficult>0</difficult><bndbox><xmin>308</xmin><ymin>458</ymin><xmax>346</xmax><ymax>517</ymax></bndbox></object><object><name>person</name><pose>Unspecified</pose><truncated>0</truncated><difficult>0</difficult><bndbox><xmin>280</xmin><ymin>471</ymin><xmax>301</xmax><ymax>512</ymax></bndbox></object><object><name>person</name><pose>Unspecified</pose><truncated>0</truncated><difficult>0</difficult><bndbox><xmin>264</xmin><ymin>480</ymin><xmax>276</xmax><ymax>512</ymax></bndbox></object></annotation>