<annotation><filename>cloudy_161.jpg</filename><path>cloudy_161.jpg</path><size><width>640</width><height>640</height><depth>3</depth></size><object><name>truck</name><pose>Unspecified</pose><truncated>0</truncated><difficult>0</difficult><bndbox><xmin>312</xmin><ymin>392</ymin><xmax>494</xmax><ymax>569</ymax></bndbox></object><object><name>truck</name><pose>Unspecified</pose><truncated>0</truncated><difficult>0</difficult><bndbox><xmin>210</xmin><ymin>467</ymin><xmax>260</xmax><ymax>523</ymax></bndbox></object></annotation>