<annotation><filename>cloudy_93.jpg</filename><path>cloudy_93.jpg</path><size><width>640</width><height>640</height><depth>3</depth></size><object><name>car</name><pose>Unspecified</pose><truncated>0</truncated><difficult>0</difficult><bndbox><xmin>230</xmin><ymin>499</ymin><xmax>349</xmax><ymax>599</ymax></bndbox></object><object><name>car</name><pose>Unspecified</pose><truncated>0</truncated><difficult>0</difficult><bndbox><xmin>437</xmin><ymin>476</ymin><xmax>576</xmax><ymax>622</ymax></bndbox></object><object><name>truck</name><pose>Unspecified</pose><truncated>0</truncated><difficult>0</difficult><bndbox><xmin>401</xmin><ymin>442</ymin><xmax>529</xmax><ymax>563</ymax></bndbox></object></annotation>