<annotation><filename>cloudy_70.jpg</filename><path>cloudy_70.jpg</path><size><width>640</width><height>640</height><depth>3</depth></size><object><name>person</name><pose>Unspecified</pose><truncated>0</truncated><difficult>0</difficult><bndbox><xmin>299</xmin><ymin>360</ymin><xmax>319</xmax><ymax>404</ymax></bndbox></object><object><name>person</name><pose>Unspecified</pose><truncated>0</truncated><difficult>0</difficult><bndbox><xmin>240</xmin><ymin>357</ymin><xmax>267</xmax><ymax>405</ymax></bndbox></object></annotation>