<annotation><filename>cloudy_52.jpg</filename><path>cloudy_52.jpg</path><size><width>640</width><height>640</height><depth>3</depth></size><object><name>person</name><pose>Unspecified</pose><truncated>0</truncated><difficult>0</difficult><bndbox><xmin>29</xmin><ymin>521</ymin><xmax>81</xmax><ymax>641</ymax></bndbox></object><object><name>person</name><pose>Unspecified</pose><truncated>0</truncated><difficult>0</difficult><bndbox><xmin>31</xmin><ymin>387</ymin><xmax>71</xmax><ymax>451</ymax></bndbox></object></annotation>