<annotation><filename>cloudy_105.jpg</filename><path>cloudy_105.jpg</path><size><width>640</width><height>640</height><depth>3</depth></size><object><name>truck</name><pose>Unspecified</pose><truncated>0</truncated><difficult>0</difficult><bndbox><xmin>44</xmin><ymin>415</ymin><xmax>253</xmax><ymax>633</ymax></bndbox></object><object><name>truck</name><pose>Unspecified</pose><truncated>0</truncated><difficult>0</difficult><bndbox><xmin>294</xmin><ymin>490</ymin><xmax>390</xmax><ymax>610</ymax></bndbox></object></annotation>