<annotation><filename>cloudy_69.jpg</filename><path>cloudy_69.jpg</path><size><width>640</width><height>640</height><depth>3</depth></size><object><name>car</name><pose>Unspecified</pose><truncated>0</truncated><difficult>0</difficult><bndbox><xmin>294</xmin><ymin>544</ymin><xmax>347</xmax><ymax>583</ymax></bndbox></object><object><name>car</name><pose>Unspecified</pose><truncated>0</truncated><difficult>0</difficult><bndbox><xmin>187</xmin><ymin>551</ymin><xmax>269</xmax><ymax>589</ymax></bndbox></object></annotation>