<annotation><filename>cloudy_144.jpg</filename><path>cloudy_144.jpg</path><size><width>640</width><height>640</height><depth>3</depth></size><object><name>truck</name><pose>Unspecified</pose><truncated>0</truncated><difficult>0</difficult><bndbox><xmin>16</xmin><ymin>274</ymin><xmax>248</xmax><ymax>469</ymax></bndbox></object><object><name>truck</name><pose>Unspecified</pose><truncated>0</truncated><difficult>0</difficult><bndbox><xmin>312</xmin><ymin>356</ymin><xmax>355</xmax><ymax>410</ymax></bndbox></object><object><name>truck</name><pose>Unspecified</pose><truncated>0</truncated><difficult>0</difficult><bndbox><xmin>376</xmin><ymin>376</ymin><xmax>422</xmax><ymax>435</ymax></bndbox></object></annotation>