<annotation><filename>cloudy_9.jpg</filename><path>cloudy_9.jpg</path><size><width>640</width><height>640</height><depth>3</depth></size><object><name>person</name><pose>Unspecified</pose><truncated>0</truncated><difficult>0</difficult><bndbox><xmin>265</xmin><ymin>437</ymin><xmax>294</xmax><ymax>497</ymax></bndbox></object><object><name>person</name><pose>Unspecified</pose><truncated>0</truncated><difficult>0</difficult><bndbox><xmin>153</xmin><ymin>449</ymin><xmax>183</xmax><ymax>499</ymax></bndbox></object><object><name>person</name><pose>Unspecified</pose><truncated>0</truncated><difficult>0</difficult><bndbox><xmin>350</xmin><ymin>440</ymin><xmax>391</xmax><ymax>503</ymax></bndbox></object></annotation>