<annotation><filename>cloudy_102.jpg</filename><path>cloudy_102.jpg</path><size><width>640</width><height>640</height><depth>3</depth></size><object><name>truck</name><pose>Unspecified</pose><truncated>0</truncated><difficult>0</difficult><bndbox><xmin>212</xmin><ymin>431</ymin><xmax>310</xmax><ymax>560</ymax></bndbox></object><object><name>truck</name><pose>Unspecified</pose><truncated>0</truncated><difficult>0</difficult><bndbox><xmin>342</xmin><ymin>490</ymin><xmax>387</xmax><ymax>535</ymax></bndbox></object></annotation>