<annotation><filename>cloudy_0.jpg</filename><path>cloudy_0.jpg</path><size><width>640</width><height>640</height><depth>3</depth></size><object><name>person</name><pose>Unspecified</pose><truncated>0</truncated><difficult>0</difficult><bndbox><xmin>385</xmin><ymin>249</ymin><xmax>469</xmax><ymax>469</ymax></bndbox></object><object><name>person</name><pose>Unspecified</pose><truncated>0</truncated><difficult>0</difficult><bndbox><xmin>335</xmin><ymin>272</ymin><xmax>383</xmax><ymax>410</ymax></bndbox></object><object><name>person</name><pose>Unspecified</pose><truncated>0</truncated><difficult>0</difficult><bndbox><xmin>301</xmin><ymin>297</ymin><xmax>333</xmax><ymax>387</ymax></bndbox></object></annotation>