<annotation><filename>cloudy_50.jpg</filename><path>cloudy_50.jpg</path><size><width>640</width><height>640</height><depth>3</depth></size><object><name>person</name><pose>Unspecified</pose><truncated>0</truncated><difficult>0</difficult><bndbox><xmin>314</xmin><ymin>342</ymin><xmax>349</xmax><ymax>458</ymax></bndbox></object><object><name>person</name><pose>Unspecified</pose><truncated>0</truncated><difficult>0</difficult><bndbox><xmin>267</xmin><ymin>363</ymin><xmax>303</xmax><ymax>460</ymax></bndbox></object></annotation>