<annotation><filename>cloudy_103.jpg</filename><path>cloudy_103.jpg</path><size><width>640</width><height>640</height><depth>3</depth></size><object><name>truck</name><pose>Unspecified</pose><truncated>0</truncated><difficult>0</difficult><bndbox><xmin>271</xmin><ymin>297</ymin><xmax>456</xmax><ymax>467</ymax></bndbox></object><object><name>truck</name><pose>Unspecified</pose><truncated>0</truncated><difficult>0</difficult><bndbox><xmin>176</xmin><ymin>355</ymin><xmax>242</xmax><ymax>423</ymax></bndbox></object></annotation>