<annotation><filename>cloudy_90.jpg</filename><path>cloudy_90.jpg</path><size><width>640</width><height>640</height><depth>3</depth></size><object><name>motorcycle</name><pose>Unspecified</pose><truncated>0</truncated><difficult>0</difficult><bndbox><xmin>456</xmin><ymin>539</ymin><xmax>567</xmax><ymax>633</ymax></bndbox></object><object><name>motorcycle</name><pose>Unspecified</pose><truncated>0</truncated><difficult>0</difficult><bndbox><xmin>563</xmin><ymin>551</ymin><xmax>641</xmax><ymax>622</ymax></bndbox></object><object><name>motorcycle</name><pose>Unspecified</pose><truncated>0</truncated><difficult>0</difficult><bndbox><xmin>140</xmin><ymin>546</ymin><xmax>226</xmax><ymax>617</ymax></bndbox></object><object><name>motorcycle</name><pose>Unspecified</pose><truncated>0</truncated><difficult>0</difficult><bndbox><xmin>255</xmin><ymin>553</ymin><xmax>303</xmax><ymax>590</ymax></bndbox></object></annotation>