<annotation><filename>cloudy_166.jpg</filename><path>cloudy_166.jpg</path><size><width>640</width><height>640</height><depth>3</depth></size><object><name>truck</name><pose>Unspecified</pose><truncated>0</truncated><difficult>0</difficult><bndbox><xmin>219</xmin><ymin>328</ymin><xmax>588</xmax><ymax>597</ymax></bndbox></object><object><name>truck</name><pose>Unspecified</pose><truncated>0</truncated><difficult>0</difficult><bndbox><xmin>135</xmin><ymin>465</ymin><xmax>194</xmax><ymax>533</ymax></bndbox></object></annotation>