<annotation><filename>cloudy_140.jpg</filename><path>cloudy_140.jpg</path><size><width>640</width><height>640</height><depth>3</depth></size><object><name>truck</name><pose>Unspecified</pose><truncated>0</truncated><difficult>0</difficult><bndbox><xmin>380</xmin><ymin>471</ymin><xmax>528</xmax><ymax>605</ymax></bndbox></object><object><name>truck</name><pose>Unspecified</pose><truncated>0</truncated><difficult>0</difficult><bndbox><xmin>332</xmin><ymin>519</ymin><xmax>407</xmax><ymax>588</ymax></bndbox></object><object><name>truck</name><pose>Unspecified</pose><truncated>0</truncated><difficult>0</difficult><bndbox><xmin>99</xmin><ymin>481</ymin><xmax>251</xmax><ymax>633</ymax></bndbox></object></annotation>