<annotation><filename>cloudy_162.jpg</filename><path>cloudy_162.jpg</path><size><width>640</width><height>640</height><depth>3</depth></size><object><name>truck</name><pose>Unspecified</pose><truncated>0</truncated><difficult>0</difficult><bndbox><xmin>238</xmin><ymin>392</ymin><xmax>553</xmax><ymax>641</ymax></bndbox></object><object><name>truck</name><pose>Unspecified</pose><truncated>0</truncated><difficult>0</difficult><bndbox><xmin>148</xmin><ymin>498</ymin><xmax>230</xmax><ymax>583</ymax></bndbox></object></annotation>