<annotation><filename>cloudy_163.jpg</filename><path>cloudy_163.jpg</path><size><width>640</width><height>640</height><depth>3</depth></size><object><name>truck</name><pose>Unspecified</pose><truncated>0</truncated><difficult>0</difficult><bndbox><xmin>112</xmin><ymin>346</ymin><xmax>437</xmax><ymax>567</ymax></bndbox></object><object><name>truck</name><pose>Unspecified</pose><truncated>0</truncated><difficult>0</difficult><bndbox><xmin>415</xmin><ymin>423</ymin><xmax>549</xmax><ymax>539</ymax></bndbox></object><object><name>truck</name><pose>Unspecified</pose><truncated>0</truncated><difficult>0</difficult><bndbox><xmin>562</xmin><ymin>455</ymin><xmax>626</xmax><ymax>523</ymax></bndbox></object></annotation>