<annotation><filename>cloudy_125.jpg</filename><path>cloudy_125.jpg</path><size><width>640</width><height>640</height><depth>3</depth></size><object><name>bus</name><pose>Unspecified</pose><truncated>0</truncated><difficult>0</difficult><bndbox><xmin>320</xmin><ymin>8</ymin><xmax>641</xmax><ymax>641</ymax></bndbox></object><object><name>car</name><pose>Unspecified</pose><truncated>0</truncated><difficult>0</difficult><bndbox><xmin>125</xmin><ymin>456</ymin><xmax>316</xmax><ymax>619</ymax></bndbox></object><object><name>van</name><pose>Unspecified</pose><truncated>0</truncated><difficult>0</difficult><bndbox><xmin>1</xmin><ymin>394</ymin><xmax>126</xmax><ymax>641</ymax></bndbox></object></annotation>