<annotation><filename>cloudy_146.jpg</filename><path>cloudy_146.jpg</path><size><width>640</width><height>640</height><depth>3</depth></size><object><name>truck</name><pose>Unspecified</pose><truncated>0</truncated><difficult>0</difficult><bndbox><xmin>264</xmin><ymin>298</ymin><xmax>533</xmax><ymax>539</ymax></bndbox></object><object><name>van</name><pose>Unspecified</pose><truncated>0</truncated><difficult>0</difficult><bndbox><xmin>133</xmin><ymin>403</ymin><xmax>223</xmax><ymax>485</ymax></bndbox></object><object><name>truck</name><pose>Unspecified</pose><truncated>0</truncated><difficult>0</difficult><bndbox><xmin>210</xmin><ymin>401</ymin><xmax>265</xmax><ymax>469</ymax></bndbox></object></annotation>