<annotation><filename>cloudy_160.jpg</filename><path>cloudy_160.jpg</path><size><width>640</width><height>640</height><depth>3</depth></size><object><name>truck</name><pose>Unspecified</pose><truncated>0</truncated><difficult>0</difficult><bndbox><xmin>15</xmin><ymin>376</ymin><xmax>437</xmax><ymax>619</ymax></bndbox></object><object><name>truck</name><pose>Unspecified</pose><truncated>0</truncated><difficult>0</difficult><bndbox><xmin>353</xmin><ymin>426</ymin><xmax>569</xmax><ymax>572</ymax></bndbox></object></annotation>