<annotation><filename>cloudy_141.jpg</filename><path>cloudy_141.jpg</path><size><width>640</width><height>640</height><depth>3</depth></size><object><name>truck</name><pose>Unspecified</pose><truncated>0</truncated><difficult>0</difficult><bndbox><xmin>358</xmin><ymin>281</ymin><xmax>641</xmax><ymax>606</ymax></bndbox></object><object><name>truck</name><pose>Unspecified</pose><truncated>0</truncated><difficult>0</difficult><bndbox><xmin>326</xmin><ymin>412</ymin><xmax>469</xmax><ymax>558</ymax></bndbox></object><object><name>truck</name><pose>Unspecified</pose><truncated>0</truncated><difficult>0</difficult><bndbox><xmin>212</xmin><ymin>444</ymin><xmax>292</xmax><ymax>503</ymax></bndbox></object></annotation>