<annotation><filename>cloudy_168.jpg</filename><path>cloudy_168.jpg</path><size><width>640</width><height>640</height><depth>3</depth></size><object><name>truck</name><pose>Unspecified</pose><truncated>0</truncated><difficult>0</difficult><bndbox><xmin>260</xmin><ymin>417</ymin><xmax>538</xmax><ymax>597</ymax></bndbox></object><object><name>truck</name><pose>Unspecified</pose><truncated>0</truncated><difficult>0</difficult><bndbox><xmin>512</xmin><ymin>464</ymin><xmax>608</xmax><ymax>564</ymax></bndbox></object></annotation>