<annotation><filename>cloudy_115.jpg</filename><path>cloudy_115.jpg</path><size><width>640</width><height>640</height><depth>3</depth></size><object><name>truck</name><pose>Unspecified</pose><truncated>0</truncated><difficult>0</difficult><bndbox><xmin>421</xmin><ymin>306</ymin><xmax>641</xmax><ymax>641</ymax></bndbox></object><object><name>car</name><pose>Unspecified</pose><truncated>0</truncated><difficult>0</difficult><bndbox><xmin>347</xmin><ymin>570</ymin><xmax>468</xmax><ymax>641</ymax></bndbox></object><object><name>car</name><pose>Unspecified</pose><truncated>0</truncated><difficult>0</difficult><bndbox><xmin>319</xmin><ymin>547</ymin><xmax>428</xmax><ymax>628</ymax></bndbox></object><object><name>car</name><pose>Unspecified</pose><truncated>0</truncated><difficult>0</difficult><bndbox><xmin>308</xmin><ymin>532</ymin><xmax>389</xmax><ymax>605</ymax></bndbox></object><object><name>car</name><pose>Unspecified</pose><truncated>0</truncated><difficult>0</difficult><bndbox><xmin>289</xmin><ymin>508</ymin><xmax>342</xmax><ymax>571</ymax></bndbox></object><object><name>car</name><pose>Unspecified</pose><truncated>0</truncated><difficult>0</difficult><bndbox><xmin>233</xmin><ymin>573</ymin><xmax>303</xmax><ymax>639</ymax></bndbox></object><object><name>car</name><pose>Unspecified</pose><truncated>0</truncated><difficult>0</difficult><bndbox><xmin>72</xmin><ymin>524</ymin><xmax>119</xmax><ymax>560</ymax></bndbox></object><object><name>car</name><pose>Unspecified</pose><truncated>0</truncated><difficult>0</difficult><bndbox><xmin>12</xmin><ymin>537</ymin><xmax>67</xmax><ymax>581</ymax></bndbox></object><object><name>car</name><pose>Unspecified</pose><truncated>0</truncated><difficult>0</difficult><bndbox><xmin>246</xmin><ymin>521</ymin><xmax>301</xmax><ymax>574</ymax></bndbox></object></annotation>