<annotation><filename>cloudy_129.jpg</filename><path>cloudy_129.jpg</path><size><width>640</width><height>640</height><depth>3</depth></size><object><name>bus</name><pose>Unspecified</pose><truncated>0</truncated><difficult>0</difficult><bndbox><xmin>110</xmin><ymin>326</ymin><xmax>428</xmax><ymax>641</ymax></bndbox></object><object><name>bus</name><pose>Unspecified</pose><truncated>0</truncated><difficult>0</difficult><bndbox><xmin>30</xmin><ymin>439</ymin><xmax>153</xmax><ymax>589</ymax></bndbox></object><object><name>bus</name><pose>Unspecified</pose><truncated>0</truncated><difficult>0</difficult><bndbox><xmin>1</xmin><ymin>496</ymin><xmax>76</xmax><ymax>641</ymax></bndbox></object><object><name>car</name><pose>Unspecified</pose><truncated>0</truncated><difficult>0</difficult><bndbox><xmin>476</xmin><ymin>424</ymin><xmax>641</xmax><ymax>586</ymax></bndbox></object><object><name>car</name><pose>Unspecified</pose><truncated>0</truncated><difficult>0</difficult><bndbox><xmin>417</xmin><ymin>392</ymin><xmax>528</xmax><ymax>546</ymax></bndbox></object><object><name>car</name><pose>Unspecified</pose><truncated>0</truncated><difficult>0</difficult><bndbox><xmin>426</xmin><ymin>483</ymin><xmax>626</xmax><ymax>641</ymax></bndbox></object></annotation>