<annotation><filename>cloudy_49.jpg</filename><path>cloudy_49.jpg</path><size><width>640</width><height>640</height><depth>3</depth></size><object><name>person</name><pose>Unspecified</pose><truncated>0</truncated><difficult>0</difficult><bndbox><xmin>251</xmin><ymin>455</ymin><xmax>287</xmax><ymax>537</ymax></bndbox></object><object><name>person</name><pose>Unspecified</pose><truncated>0</truncated><difficult>0</difficult><bndbox><xmin>305</xmin><ymin>460</ymin><xmax>326</xmax><ymax>526</ymax></bndbox></object><object><name>person</name><pose>Unspecified</pose><truncated>0</truncated><difficult>0</difficult><bndbox><xmin>324</xmin><ymin>475</ymin><xmax>364</xmax><ymax>523</ymax></bndbox></object></annotation>