<annotation><filename>cloudy_44.jpg</filename><path>cloudy_44.jpg</path><size><width>640</width><height>640</height><depth>3</depth></size><object><name>person</name><pose>Unspecified</pose><truncated>0</truncated><difficult>0</difficult><bndbox><xmin>283</xmin><ymin>456</ymin><xmax>321</xmax><ymax>569</ymax></bndbox></object><object><name>person</name><pose>Unspecified</pose><truncated>0</truncated><difficult>0</difficult><bndbox><xmin>317</xmin><ymin>481</ymin><xmax>355</xmax><ymax>553</ymax></bndbox></object><object><name>person</name><pose>Unspecified</pose><truncated>0</truncated><difficult>0</difficult><bndbox><xmin>351</xmin><ymin>453</ymin><xmax>394</xmax><ymax>574</ymax></bndbox></object></annotation>