<annotation><filename>cloudy_176.jpg</filename><path>cloudy_176.jpg</path><size><width>640</width><height>640</height><depth>3</depth></size><object><name>person</name><pose>Unspecified</pose><truncated>0</truncated><difficult>0</difficult><bndbox><xmin>339</xmin><ymin>332</ymin><xmax>382</xmax><ymax>457</ymax></bndbox></object><object><name>person</name><pose>Unspecified</pose><truncated>0</truncated><difficult>0</difficult><bndbox><xmin>383</xmin><ymin>342</ymin><xmax>430</xmax><ymax>451</ymax></bndbox></object><object><name>person</name><pose>Unspecified</pose><truncated>0</truncated><difficult>0</difficult><bndbox><xmin>426</xmin><ymin>339</ymin><xmax>478</xmax><ymax>474</ymax></bndbox></object><object><name>person</name><pose>Unspecified</pose><truncated>0</truncated><difficult>0</difficult><bndbox><xmin>162</xmin><ymin>337</ymin><xmax>231</xmax><ymax>469</ymax></bndbox></object><object><name>person</name><pose>Unspecified</pose><truncated>0</truncated><difficult>0</difficult><bndbox><xmin>128</xmin><ymin>344</ymin><xmax>183</xmax><ymax>453</ymax></bndbox></object></annotation>