<annotation><filename>cloudy_138.jpg</filename><path>cloudy_138.jpg</path><size><width>640</width><height>640</height><depth>3</depth></size><object><name>car</name><pose>Unspecified</pose><truncated>0</truncated><difficult>0</difficult><bndbox><xmin>438</xmin><ymin>489</ymin><xmax>553</xmax><ymax>592</ymax></bndbox></object><object><name>car</name><pose>Unspecified</pose><truncated>0</truncated><difficult>0</difficult><bndbox><xmin>556</xmin><ymin>510</ymin><xmax>621</xmax><ymax>567</ymax></bndbox></object><object><name>car</name><pose>Unspecified</pose><truncated>0</truncated><difficult>0</difficult><bndbox><xmin>283</xmin><ymin>503</ymin><xmax>353</xmax><ymax>588</ymax></bndbox></object></annotation>