<annotation><filename>cloudy_56.jpg</filename><path>cloudy_56.jpg</path><size><width>640</width><height>640</height><depth>3</depth></size><object><name>person</name><pose>Unspecified</pose><truncated>0</truncated><difficult>0</difficult><bndbox><xmin>260</xmin><ymin>404</ymin><xmax>310</xmax><ymax>469</ymax></bndbox></object><object><name>person</name><pose>Unspecified</pose><truncated>0</truncated><difficult>0</difficult><bndbox><xmin>317</xmin><ymin>412</ymin><xmax>351</xmax><ymax>476</ymax></bndbox></object><object><name>person</name><pose>Unspecified</pose><truncated>0</truncated><difficult>0</difficult><bndbox><xmin>380</xmin><ymin>399</ymin><xmax>423</xmax><ymax>469</ymax></bndbox></object></annotation>