<annotation><filename>cloudy_179.jpg</filename><path>cloudy_179.jpg</path><size><width>640</width><height>640</height><depth>3</depth></size><object><name>person</name><pose>Unspecified</pose><truncated>0</truncated><difficult>0</difficult><bndbox><xmin>288</xmin><ymin>410</ymin><xmax>326</xmax><ymax>471</ymax></bndbox></object><object><name>person</name><pose>Unspecified</pose><truncated>0</truncated><difficult>0</difficult><bndbox><xmin>330</xmin><ymin>416</ymin><xmax>348</xmax><ymax>464</ymax></bndbox></object></annotation>