<annotation><filename>cloudy_4.jpg</filename><path>cloudy_4.jpg</path><size><width>640</width><height>640</height><depth>3</depth></size><object><name>person</name><pose>Unspecified</pose><truncated>0</truncated><difficult>0</difficult><bndbox><xmin>197</xmin><ymin>503</ymin><xmax>219</xmax><ymax>562</ymax></bndbox></object><object><name>person</name><pose>Unspecified</pose><truncated>0</truncated><difficult>0</difficult><bndbox><xmin>166</xmin><ymin>503</ymin><xmax>198</xmax><ymax>569</ymax></bndbox></object></annotation>