<annotation><filename>cloudy_101.jpg</filename><path>cloudy_101.jpg</path><size><width>640</width><height>640</height><depth>3</depth></size><object><name>truck</name><pose>Unspecified</pose><truncated>0</truncated><difficult>0</difficult><bndbox><xmin>8</xmin><ymin>292</ymin><xmax>305</xmax><ymax>521</ymax></bndbox></object><object><name>truck</name><pose>Unspecified</pose><truncated>0</truncated><difficult>0</difficult><bndbox><xmin>272</xmin><ymin>346</ymin><xmax>428</xmax><ymax>480</ymax></bndbox></object><object><name>truck</name><pose>Unspecified</pose><truncated>0</truncated><difficult>0</difficult><bndbox><xmin>439</xmin><ymin>399</ymin><xmax>487</xmax><ymax>469</ymax></bndbox></object></annotation>