<annotation><filename>cloudy_124.jpg</filename><path>cloudy_124.jpg</path><size><width>640</width><height>640</height><depth>3</depth></size><object><name>bus</name><pose>Unspecified</pose><truncated>0</truncated><difficult>0</difficult><bndbox><xmin>30</xmin><ymin>408</ymin><xmax>393</xmax><ymax>641</ymax></bndbox></object><object><name>bus</name><pose>Unspecified</pose><truncated>0</truncated><difficult>0</difficult><bndbox><xmin>354</xmin><ymin>431</ymin><xmax>641</xmax><ymax>640</ymax></bndbox></object></annotation>