<annotation><filename>cloudy_202.jpg</filename><path>cloudy_202.jpg</path><size><width>640</width><height>640</height><depth>3</depth></size><object><name>motorcycle</name><pose>Unspecified</pose><truncated>0</truncated><difficult>0</difficult><bndbox><xmin>26</xmin><ymin>474</ymin><xmax>115</xmax><ymax>605</ymax></bndbox></object><object><name>motorcycle</name><pose>Unspecified</pose><truncated>0</truncated><difficult>0</difficult><bndbox><xmin>3</xmin><ymin>465</ymin><xmax>56</xmax><ymax>580</ymax></bndbox></object><object><name>motorcycle</name><pose>Unspecified</pose><truncated>0</truncated><difficult>0</difficult><bndbox><xmin>467</xmin><ymin>481</ymin><xmax>510</xmax><ymax>546</ymax></bndbox></object><object><name>motorcycle</name><pose>Unspecified</pose><truncated>0</truncated><difficult>0</difficult><bndbox><xmin>505</xmin><ymin>467</ymin><xmax>562</xmax><ymax>531</ymax></bndbox></object><object><name>car</name><pose>Unspecified</pose><truncated>0</truncated><difficult>0</difficult><bndbox><xmin>55</xmin><ymin>458</ymin><xmax>503</xmax><ymax>641</ymax></bndbox></object></annotation>