<annotation><filename>cloudy_38.jpg</filename><path>cloudy_38.jpg</path><size><width>640</width><height>640</height><depth>3</depth></size><object><name>person</name><pose>Unspecified</pose><truncated>0</truncated><difficult>0</difficult><bndbox><xmin>96</xmin><ymin>56</ymin><xmax>199</xmax><ymax>410</ymax></bndbox></object><object><name>person</name><pose>Unspecified</pose><truncated>0</truncated><difficult>0</difficult><bndbox><xmin>285</xmin><ymin>67</ymin><xmax>376</xmax><ymax>326</ymax></bndbox></object><object><name>person</name><pose>Unspecified</pose><truncated>0</truncated><difficult>0</difficult><bndbox><xmin>516</xmin><ymin>53</ymin><xmax>598</xmax><ymax>353</ymax></bndbox></object><object><name>person</name><pose>Unspecified</pose><truncated>0</truncated><difficult>0</difficult><bndbox><xmin>1</xmin><ymin>55</ymin><xmax>53</xmax><ymax>348</ymax></bndbox></object><object><name>person</name><pose>Unspecified</pose><truncated>0</truncated><difficult>0</difficult><bndbox><xmin>40</xmin><ymin>30</ymin><xmax>110</xmax><ymax>242</ymax></bndbox></object><object><name>person</name><pose>Unspecified</pose><truncated>0</truncated><difficult>0</difficult><bndbox><xmin>392</xmin><ymin>60</ymin><xmax>467</xmax><ymax>217</ymax></bndbox></object><object><name>person</name><pose>Unspecified</pose><truncated>0</truncated><difficult>0</difficult><bndbox><xmin>223</xmin><ymin>71</ymin><xmax>298</xmax><ymax>262</ymax></bndbox></object></annotation>