<annotation><filename>cloudy_42.jpg</filename><path>cloudy_42.jpg</path><size><width>640</width><height>640</height><depth>3</depth></size><object><name>person</name><pose>Unspecified</pose><truncated>0</truncated><difficult>0</difficult><bndbox><xmin>315</xmin><ymin>456</ymin><xmax>349</xmax><ymax>510</ymax></bndbox></object><object><name>person</name><pose>Unspecified</pose><truncated>0</truncated><difficult>0</difficult><bndbox><xmin>246</xmin><ymin>460</ymin><xmax>281</xmax><ymax>510</ymax></bndbox></object></annotation>