<annotation><filename>cloudy_33.jpg</filename><path>cloudy_33.jpg</path><size><width>640</width><height>640</height><depth>3</depth></size><object><name>person</name><pose>Unspecified</pose><truncated>0</truncated><difficult>0</difficult><bndbox><xmin>44</xmin><ymin>476</ymin><xmax>146</xmax><ymax>641</ymax></bndbox></object><object><name>person</name><pose>Unspecified</pose><truncated>0</truncated><difficult>0</difficult><bndbox><xmin>451</xmin><ymin>474</ymin><xmax>555</xmax><ymax>641</ymax></bndbox></object><object><name>person</name><pose>Unspecified</pose><truncated>0</truncated><difficult>0</difficult><bndbox><xmin>231</xmin><ymin>498</ymin><xmax>301</xmax><ymax>641</ymax></bndbox></object></annotation>