<annotation><filename>cloudy_7.jpg</filename><path>cloudy_7.jpg</path><size><width>640</width><height>640</height><depth>3</depth></size><object><name>person</name><pose>Unspecified</pose><truncated>0</truncated><difficult>0</difficult><bndbox><xmin>376</xmin><ymin>488</ymin><xmax>424</xmax><ymax>628</ymax></bndbox></object><object><name>person</name><pose>Unspecified</pose><truncated>0</truncated><difficult>0</difficult><bndbox><xmin>410</xmin><ymin>474</ymin><xmax>465</xmax><ymax>596</ymax></bndbox></object><object><name>person</name><pose>Unspecified</pose><truncated>0</truncated><difficult>0</difficult><bndbox><xmin>303</xmin><ymin>490</ymin><xmax>347</xmax><ymax>605</ymax></bndbox></object></annotation>