<annotation><filename>cloudy_165.jpg</filename><path>cloudy_165.jpg</path><size><width>640</width><height>640</height><depth>3</depth></size><object><name>truck</name><pose>Unspecified</pose><truncated>0</truncated><difficult>0</difficult><bndbox><xmin>205</xmin><ymin>394</ymin><xmax>314</xmax><ymax>501</ymax></bndbox></object><object><name>truck</name><pose>Unspecified</pose><truncated>0</truncated><difficult>0</difficult><bndbox><xmin>397</xmin><ymin>371</ymin><xmax>526</xmax><ymax>505</ymax></bndbox></object></annotation>