<annotation><filename>cloudy_85.jpg</filename><path>cloudy_85.jpg</path><size><width>640</width><height>640</height><depth>3</depth></size><object><name>bus</name><pose>Unspecified</pose><truncated>0</truncated><difficult>0</difficult><bndbox><xmin>306</xmin><ymin>342</ymin><xmax>641</xmax><ymax>626</ymax></bndbox></object><object><name>car</name><pose>Unspecified</pose><truncated>0</truncated><difficult>0</difficult><bndbox><xmin>103</xmin><ymin>475</ymin><xmax>210</xmax><ymax>573</ymax></bndbox></object><object><name>car</name><pose>Unspecified</pose><truncated>0</truncated><difficult>0</difficult><bndbox><xmin>238</xmin><ymin>487</ymin><xmax>319</xmax><ymax>547</ymax></bndbox></object></annotation>