<annotation><filename>cloudy_109.jpg</filename><path>cloudy_109.jpg</path><size><width>640</width><height>640</height><depth>3</depth></size><object><name>truck</name><pose>Unspecified</pose><truncated>0</truncated><difficult>0</difficult><bndbox><xmin>458</xmin><ymin>340</ymin><xmax>635</xmax><ymax>601</ymax></bndbox></object><object><name>truck</name><pose>Unspecified</pose><truncated>0</truncated><difficult>0</difficult><bndbox><xmin>360</xmin><ymin>512</ymin><xmax>438</xmax><ymax>562</ymax></bndbox></object></annotation>