<annotation><filename>cloudy_87.jpg</filename><path>cloudy_87.jpg</path><size><width>640</width><height>640</height><depth>3</depth></size><object><name>car</name><pose>Unspecified</pose><truncated>0</truncated><difficult>0</difficult><bndbox><xmin>399</xmin><ymin>399</ymin><xmax>641</xmax><ymax>641</ymax></bndbox></object><object><name>bus</name><pose>Unspecified</pose><truncated>0</truncated><difficult>0</difficult><bndbox><xmin>289</xmin><ymin>373</ymin><xmax>539</xmax><ymax>607</ymax></bndbox></object><object><name>bus</name><pose>Unspecified</pose><truncated>0</truncated><difficult>0</difficult><bndbox><xmin>1</xmin><ymin>4</ymin><xmax>308</xmax><ymax>641</ymax></bndbox></object></annotation>