<annotation><filename>cloudy_48.jpg</filename><path>cloudy_48.jpg</path><size><width>640</width><height>640</height><depth>3</depth></size><object><name>person</name><pose>Unspecified</pose><truncated>0</truncated><difficult>0</difficult><bndbox><xmin>355</xmin><ymin>371</ymin><xmax>389</xmax><ymax>440</ymax></bndbox></object><object><name>person</name><pose>Unspecified</pose><truncated>0</truncated><difficult>0</difficult><bndbox><xmin>394</xmin><ymin>383</ymin><xmax>426</xmax><ymax>444</ymax></bndbox></object><object><name>person</name><pose>Unspecified</pose><truncated>0</truncated><difficult>0</difficult><bndbox><xmin>423</xmin><ymin>389</ymin><xmax>464</xmax><ymax>441</ymax></bndbox></object></annotation>