<annotation><filename>cloudy_77.jpg</filename><path>cloudy_77.jpg</path><size><width>640</width><height>640</height><depth>3</depth></size><object><name>person</name><pose>Unspecified</pose><truncated>0</truncated><difficult>0</difficult><bndbox><xmin>332</xmin><ymin>439</ymin><xmax>364</xmax><ymax>501</ymax></bndbox></object><object><name>person</name><pose>Unspecified</pose><truncated>0</truncated><difficult>0</difficult><bndbox><xmin>305</xmin><ymin>439</ymin><xmax>332</xmax><ymax>507</ymax></bndbox></object><object><name>person</name><pose>Unspecified</pose><truncated>0</truncated><difficult>0</difficult><bndbox><xmin>269</xmin><ymin>449</ymin><xmax>304</xmax><ymax>503</ymax></bndbox></object><object><name>car</name><pose>Unspecified</pose><truncated>0</truncated><difficult>0</difficult><bndbox><xmin>3</xmin><ymin>583</ymin><xmax>201</xmax><ymax>641</ymax></bndbox></object></annotation>