<annotation><filename>cloudy_178.jpg</filename><path>cloudy_178.jpg</path><size><width>640</width><height>640</height><depth>3</depth></size><object><name>person</name><pose>Unspecified</pose><truncated>0</truncated><difficult>0</difficult><bndbox><xmin>465</xmin><ymin>480</ymin><xmax>512</xmax><ymax>578</ymax></bndbox></object><object><name>person</name><pose>Unspecified</pose><truncated>0</truncated><difficult>0</difficult><bndbox><xmin>335</xmin><ymin>483</ymin><xmax>372</xmax><ymax>551</ymax></bndbox></object><object><name>person</name><pose>Unspecified</pose><truncated>0</truncated><difficult>0</difficult><bndbox><xmin>294</xmin><ymin>480</ymin><xmax>337</xmax><ymax>574</ymax></bndbox></object><object><name>person</name><pose>Unspecified</pose><truncated>0</truncated><difficult>0</difficult><bndbox><xmin>246</xmin><ymin>475</ymin><xmax>289</xmax><ymax>566</ymax></bndbox></object><object><name>person</name><pose>Unspecified</pose><truncated>0</truncated><difficult>0</difficult><bndbox><xmin>117</xmin><ymin>474</ymin><xmax>155</xmax><ymax>542</ymax></bndbox></object></annotation>