<annotation><filename>cloudy_145.jpg</filename><path>cloudy_145.jpg</path><size><width>640</width><height>640</height><depth>3</depth></size><object><name>truck</name><pose>Unspecified</pose><truncated>0</truncated><difficult>0</difficult><bndbox><xmin>12</xmin><ymin>294</ymin><xmax>255</xmax><ymax>458</ymax></bndbox></object><object><name>truck</name><pose>Unspecified</pose><truncated>0</truncated><difficult>0</difficult><bndbox><xmin>296</xmin><ymin>347</ymin><xmax>356</xmax><ymax>410</ymax></bndbox></object></annotation>