<annotation><filename>cloudy_78.jpg</filename><path>cloudy_78.jpg</path><size><width>640</width><height>640</height><depth>3</depth></size><object><name>person</name><pose>Unspecified</pose><truncated>0</truncated><difficult>0</difficult><bndbox><xmin>285</xmin><ymin>365</ymin><xmax>355</xmax><ymax>558</ymax></bndbox></object><object><name>person</name><pose>Unspecified</pose><truncated>0</truncated><difficult>0</difficult><bndbox><xmin>388</xmin><ymin>388</ymin><xmax>428</xmax><ymax>535</ymax></bndbox></object><object><name>person</name><pose>Unspecified</pose><truncated>0</truncated><difficult>0</difficult><bndbox><xmin>337</xmin><ymin>367</ymin><xmax>392</xmax><ymax>530</ymax></bndbox></object><object><name>person</name><pose>Unspecified</pose><truncated>0</truncated><difficult>0</difficult><bndbox><xmin>69</xmin><ymin>419</ymin><xmax>96</xmax><ymax>469</ymax></bndbox></object></annotation>