<annotation><filename>cloudy_113.jpg</filename><path>cloudy_113.jpg</path><size><width>640</width><height>640</height><depth>3</depth></size><object><name>truck</name><pose>Unspecified</pose><truncated>0</truncated><difficult>0</difficult><bndbox><xmin>171</xmin><ymin>337</ymin><xmax>396</xmax><ymax>635</ymax></bndbox></object><object><name>truck</name><pose>Unspecified</pose><truncated>0</truncated><difficult>0</difficult><bndbox><xmin>370</xmin><ymin>320</ymin><xmax>641</xmax><ymax>640</ymax></bndbox></object><object><name>car</name><pose>Unspecified</pose><truncated>0</truncated><difficult>0</difficult><bndbox><xmin>58</xmin><ymin>489</ymin><xmax>171</xmax><ymax>583</ymax></bndbox></object></annotation>