<annotation><filename>cloudy_73.jpg</filename><path>cloudy_73.jpg</path><size><width>640</width><height>640</height><depth>3</depth></size><object><name>person</name><pose>Unspecified</pose><truncated>0</truncated><difficult>0</difficult><bndbox><xmin>307</xmin><ymin>464</ymin><xmax>341</xmax><ymax>583</ymax></bndbox></object><object><name>person</name><pose>Unspecified</pose><truncated>0</truncated><difficult>0</difficult><bndbox><xmin>271</xmin><ymin>496</ymin><xmax>301</xmax><ymax>589</ymax></bndbox></object><object><name>person</name><pose>Unspecified</pose><truncated>0</truncated><difficult>0</difficult><bndbox><xmin>242</xmin><ymin>505</ymin><xmax>265</xmax><ymax>585</ymax></bndbox></object></annotation>