<annotation><filename>cloudy_164.jpg</filename><path>cloudy_164.jpg</path><size><width>640</width><height>640</height><depth>3</depth></size><object><name>truck</name><pose>Unspecified</pose><truncated>0</truncated><difficult>0</difficult><bndbox><xmin>222</xmin><ymin>421</ymin><xmax>392</xmax><ymax>583</ymax></bndbox></object><object><name>truck</name><pose>Unspecified</pose><truncated>0</truncated><difficult>0</difficult><bndbox><xmin>182</xmin><ymin>492</ymin><xmax>250</xmax><ymax>549</ymax></bndbox></object></annotation>