<annotation><filename>cloudy_88.jpg</filename><path>cloudy_88.jpg</path><size><width>640</width><height>640</height><depth>3</depth></size><object><name>bus</name><pose>Unspecified</pose><truncated>0</truncated><difficult>0</difficult><bndbox><xmin>363</xmin><ymin>33</ymin><xmax>641</xmax><ymax>641</ymax></bndbox></object><object><name>car</name><pose>Unspecified</pose><truncated>0</truncated><difficult>0</difficult><bndbox><xmin>96</xmin><ymin>522</ymin><xmax>285</xmax><ymax>637</ymax></bndbox></object><object><name>car</name><pose>Unspecified</pose><truncated>0</truncated><difficult>0</difficult><bndbox><xmin>246</xmin><ymin>521</ymin><xmax>358</xmax><ymax>605</ymax></bndbox></object><object><name>car</name><pose>Unspecified</pose><truncated>0</truncated><difficult>0</difficult><bndbox><xmin>1</xmin><ymin>510</ymin><xmax>133</xmax><ymax>633</ymax></bndbox></object></annotation>