<annotation><filename>cloudy_209.jpg</filename><path>cloudy_209.jpg</path><size><width>640</width><height>640</height><depth>3</depth></size><object><name>car</name><pose>Unspecified</pose><truncated>0</truncated><difficult>0</difficult><bndbox><xmin>1</xmin><ymin>431</ymin><xmax>226</xmax><ymax>641</ymax></bndbox></object><object><name>person</name><pose>Unspecified</pose><truncated>0</truncated><difficult>0</difficult><bndbox><xmin>462</xmin><ymin>383</ymin><xmax>512</xmax><ymax>503</ymax></bndbox></object><object><name>person</name><pose>Unspecified</pose><truncated>0</truncated><difficult>0</difficult><bndbox><xmin>513</xmin><ymin>373</ymin><xmax>551</xmax><ymax>508</ymax></bndbox></object><object><name>person</name><pose>Unspecified</pose><truncated>0</truncated><difficult>0</difficult><bndbox><xmin>596</xmin><ymin>378</ymin><xmax>639</xmax><ymax>517</ymax></bndbox></object><object><name>person</name><pose>Unspecified</pose><truncated>0</truncated><difficult>0</difficult><bndbox><xmin>430</xmin><ymin>382</ymin><xmax>478</xmax><ymax>532</ymax></bndbox></object><object><name>person</name><pose>Unspecified</pose><truncated>0</truncated><difficult>0</difficult><bndbox><xmin>337</xmin><ymin>387</ymin><xmax>378</xmax><ymax>535</ymax></bndbox></object><object><name>person</name><pose>Unspecified</pose><truncated>0</truncated><difficult>0</difficult><bndbox><xmin>269</xmin><ymin>383</ymin><xmax>324</xmax><ymax>505</ymax></bndbox></object><object><name>person</name><pose>Unspecified</pose><truncated>0</truncated><difficult>0</difficult><bndbox><xmin>398</xmin><ymin>364</ymin><xmax>430</xmax><ymax>480</ymax></bndbox></object><object><name>person</name><pose>Unspecified</pose><truncated>0</truncated><difficult>0</difficult><bndbox><xmin>207</xmin><ymin>394</ymin><xmax>257</xmax><ymax>565</ymax></bndbox></object><object><name>person</name><pose>Unspecified</pose><truncated>0</truncated><difficult>0</difficult><bndbox><xmin>141</xmin><ymin>387</ymin><xmax>200</xmax><ymax>474</ymax></bndbox></object><object><name>person</name><pose>Unspecified</pose><truncated>0</truncated><difficult>0</difficult><bndbox><xmin>80</xmin><ymin>360</ymin><xmax>128</xmax><ymax>451</ymax></bndbox></object><object><name>person</name><pose>Unspecified</pose><truncated>0</truncated><difficult>0</difficult><bndbox><xmin>19</xmin><ymin>378</ymin><xmax>63</xmax><ymax>433</ymax></bndbox></object></annotation>