<annotation><filename>cloudy_198.jpg</filename><path>cloudy_198.jpg</path><size><width>640</width><height>640</height><depth>3</depth></size><object><name>person</name><pose>Unspecified</pose><truncated>0</truncated><difficult>0</difficult><bndbox><xmin>274</xmin><ymin>339</ymin><xmax>333</xmax><ymax>487</ymax></bndbox></object><object><name>person</name><pose>Unspecified</pose><truncated>0</truncated><difficult>0</difficult><bndbox><xmin>339</xmin><ymin>335</ymin><xmax>391</xmax><ymax>463</ymax></bndbox></object></annotation>