<annotation><filename>cloudy_199.jpg</filename><path>cloudy_199.jpg</path><size><width>640</width><height>640</height><depth>3</depth></size><object><name>person</name><pose>Unspecified</pose><truncated>0</truncated><difficult>0</difficult><bndbox><xmin>351</xmin><ymin>315</ymin><xmax>460</xmax><ymax>585</ymax></bndbox></object><object><name>person</name><pose>Unspecified</pose><truncated>0</truncated><difficult>0</difficult><bndbox><xmin>496</xmin><ymin>312</ymin><xmax>573</xmax><ymax>483</ymax></bndbox></object><object><name>person</name><pose>Unspecified</pose><truncated>0</truncated><difficult>0</difficult><bndbox><xmin>292</xmin><ymin>308</ymin><xmax>360</xmax><ymax>474</ymax></bndbox></object><object><name>person</name><pose>Unspecified</pose><truncated>0</truncated><difficult>0</difficult><bndbox><xmin>154</xmin><ymin>299</ymin><xmax>244</xmax><ymax>578</ymax></bndbox></object><object><name>person</name><pose>Unspecified</pose><truncated>0</truncated><difficult>0</difficult><bndbox><xmin>224</xmin><ymin>307</ymin><xmax>301</xmax><ymax>455</ymax></bndbox></object></annotation>