<annotation><filename>cloudy_79.jpg</filename><path>cloudy_79.jpg</path><size><width>640</width><height>640</height><depth>3</depth></size><object><name>person</name><pose>Unspecified</pose><truncated>0</truncated><difficult>0</difficult><bndbox><xmin>353</xmin><ymin>444</ymin><xmax>401</xmax><ymax>510</ymax></bndbox></object><object><name>person</name><pose>Unspecified</pose><truncated>0</truncated><difficult>0</difficult><bndbox><xmin>316</xmin><ymin>441</ymin><xmax>348</xmax><ymax>507</ymax></bndbox></object></annotation>