<annotation><filename>cloudy_159.jpg</filename><path>cloudy_159.jpg</path><size><width>640</width><height>640</height><depth>3</depth></size><object><name>car</name><pose>Unspecified</pose><truncated>0</truncated><difficult>0</difficult><bndbox><xmin>217</xmin><ymin>474</ymin><xmax>347</xmax><ymax>564</ymax></bndbox></object><object><name>car</name><pose>Unspecified</pose><truncated>0</truncated><difficult>0</difficult><bndbox><xmin>358</xmin><ymin>460</ymin><xmax>439</xmax><ymax>535</ymax></bndbox></object></annotation>