<annotation><filename>cloudy_149.jpg</filename><path>cloudy_149.jpg</path><size><width>640</width><height>640</height><depth>3</depth></size><object><name>truck</name><pose>Unspecified</pose><truncated>0</truncated><difficult>0</difficult><bndbox><xmin>82</xmin><ymin>326</ymin><xmax>332</xmax><ymax>546</ymax></bndbox></object><object><name>truck</name><pose>Unspecified</pose><truncated>0</truncated><difficult>0</difficult><bndbox><xmin>291</xmin><ymin>414</ymin><xmax>400</xmax><ymax>508</ymax></bndbox></object><object><name>truck</name><pose>Unspecified</pose><truncated>0</truncated><difficult>0</difficult><bndbox><xmin>398</xmin><ymin>442</ymin><xmax>471</xmax><ymax>499</ymax></bndbox></object></annotation>