<annotation><filename>day_175.jpg</filename><path>day_175.jpg</path><size><width>640</width><height>640</height><depth>3</depth></size><object><name>truck</name><pose>Unspecified</pose><truncated>0</truncated><difficult>0</difficult><bndbox><xmin>200</xmin><ymin>172</ymin><xmax>491</xmax><ymax>403</ymax></bndbox></object><object><name>truck</name><pose>Unspecified</pose><truncated>0</truncated><difficult>0</difficult><bndbox><xmin>33</xmin><ymin>171</ymin><xmax>212</xmax><ymax>342</ymax></bndbox></object></annotation>