<annotation><filename>day_181.jpg</filename><path>day_181.jpg</path><size><width>640</width><height>640</height><depth>3</depth></size><object><name>van</name><pose>Unspecified</pose><truncated>0</truncated><difficult>0</difficult><bndbox><xmin>280</xmin><ymin>253</ymin><xmax>533</xmax><ymax>474</ymax></bndbox></object><object><name>car</name><pose>Unspecified</pose><truncated>0</truncated><difficult>0</difficult><bndbox><xmin>1</xmin><ymin>246</ymin><xmax>186</xmax><ymax>641</ymax></bndbox></object><object><name>car</name><pose>Unspecified</pose><truncated>0</truncated><difficult>0</difficult><bndbox><xmin>1</xmin><ymin>301</ymin><xmax>366</xmax><ymax>639</ymax></bndbox></object><object><name>car</name><pose>Unspecified</pose><truncated>0</truncated><difficult>0</difficult><bndbox><xmin>135</xmin><ymin>376</ymin><xmax>526</xmax><ymax>630</ymax></bndbox></object><object><name>car</name><pose>Unspecified</pose><truncated>0</truncated><difficult>0</difficult><bndbox><xmin>586</xmin><ymin>365</ymin><xmax>641</xmax><ymax>493</ymax></bndbox></object></annotation>