<annotation><filename>day_48.jpg</filename><path>day_48.jpg</path><size><width>640</width><height>640</height><depth>3</depth></size><object><name>truck</name><pose>Unspecified</pose><truncated>0</truncated><difficult>0</difficult><bndbox><xmin>420</xmin><ymin>151</ymin><xmax>641</xmax><ymax>508</ymax></bndbox></object><object><name>truck</name><pose>Unspecified</pose><truncated>0</truncated><difficult>0</difficult><bndbox><xmin>160</xmin><ymin>274</ymin><xmax>308</xmax><ymax>455</ymax></bndbox></object><object><name>truck</name><pose>Unspecified</pose><truncated>0</truncated><difficult>0</difficult><bndbox><xmin>1</xmin><ymin>182</ymin><xmax>160</xmax><ymax>498</ymax></bndbox></object></annotation>