<annotation><filename>day_18.jpg</filename><path>day_18.jpg</path><size><width>640</width><height>640</height><depth>3</depth></size><object><name>person</name><pose>Unspecified</pose><truncated>0</truncated><difficult>0</difficult><bndbox><xmin>383</xmin><ymin>428</ymin><xmax>449</xmax><ymax>549</ymax></bndbox></object><object><name>person</name><pose>Unspecified</pose><truncated>0</truncated><difficult>0</difficult><bndbox><xmin>244</xmin><ymin>290</ymin><xmax>322</xmax><ymax>405</ymax></bndbox></object><object><name>person</name><pose>Unspecified</pose><truncated>0</truncated><difficult>0</difficult><bndbox><xmin>92</xmin><ymin>373</ymin><xmax>131</xmax><ymax>450</ymax></bndbox></object><object><name>person</name><pose>Unspecified</pose><truncated>0</truncated><difficult>0</difficult><bndbox><xmin>166</xmin><ymin>490</ymin><xmax>223</xmax><ymax>587</ymax></bndbox></object></annotation>