<annotation><filename>day_156.jpg</filename><path>day_156.jpg</path><size><width>640</width><height>640</height><depth>3</depth></size><object><name>truck</name><pose>Unspecified</pose><truncated>0</truncated><difficult>0</difficult><bndbox><xmin>364</xmin><ymin>249</ymin><xmax>567</xmax><ymax>564</ymax></bndbox></object><object><name>truck</name><pose>Unspecified</pose><truncated>0</truncated><difficult>0</difficult><bndbox><xmin>1</xmin><ymin>224</ymin><xmax>358</xmax><ymax>580</ymax></bndbox></object><object><name>car</name><pose>Unspecified</pose><truncated>0</truncated><difficult>0</difficult><bndbox><xmin>583</xmin><ymin>385</ymin><xmax>641</xmax><ymax>522</ymax></bndbox></object></annotation>