<annotation><filename>day_69.jpg</filename><path>day_69.jpg</path><size><width>640</width><height>640</height><depth>3</depth></size><object><name>person</name><pose>Unspecified</pose><truncated>0</truncated><difficult>0</difficult><bndbox><xmin>309</xmin><ymin>1</ymin><xmax>504</xmax><ymax>441</ymax></bndbox></object><object><name>person</name><pose>Unspecified</pose><truncated>0</truncated><difficult>0</difficult><bndbox><xmin>471</xmin><ymin>14</ymin><xmax>592</xmax><ymax>207</ymax></bndbox></object><object><name>person</name><pose>Unspecified</pose><truncated>0</truncated><difficult>0</difficult><bndbox><xmin>1</xmin><ymin>1</ymin><xmax>203</xmax><ymax>263</ymax></bndbox></object></annotation>