<annotation><filename>day_66.jpg</filename><path>day_66.jpg</path><size><width>640</width><height>640</height><depth>3</depth></size><object><name>person</name><pose>Unspecified</pose><truncated>0</truncated><difficult>0</difficult><bndbox><xmin>44</xmin><ymin>1</ymin><xmax>333</xmax><ymax>403</ymax></bndbox></object><object><name>person</name><pose>Unspecified</pose><truncated>0</truncated><difficult>0</difficult><bndbox><xmin>324</xmin><ymin>1</ymin><xmax>509</xmax><ymax>331</ymax></bndbox></object><object><name>person</name><pose>Unspecified</pose><truncated>0</truncated><difficult>0</difficult><bndbox><xmin>538</xmin><ymin>1</ymin><xmax>641</xmax><ymax>276</ymax></bndbox></object></annotation>