<annotation><filename>day_21.jpg</filename><path>day_21.jpg</path><size><width>640</width><height>640</height><depth>3</depth></size><object><name>car</name><pose>Unspecified</pose><truncated>0</truncated><difficult>0</difficult><bndbox><xmin>383</xmin><ymin>542</ymin><xmax>585</xmax><ymax>641</ymax></bndbox></object><object><name>car</name><pose>Unspecified</pose><truncated>0</truncated><difficult>0</difficult><bndbox><xmin>421</xmin><ymin>444</ymin><xmax>560</xmax><ymax>574</ymax></bndbox></object><object><name>car</name><pose>Unspecified</pose><truncated>0</truncated><difficult>0</difficult><bndbox><xmin>586</xmin><ymin>520</ymin><xmax>641</xmax><ymax>638</ymax></bndbox></object><object><name>car</name><pose>Unspecified</pose><truncated>0</truncated><difficult>0</difficult><bndbox><xmin>544</xmin><ymin>412</ymin><xmax>626</xmax><ymax>553</ymax></bndbox></object><object><name>car</name><pose>Unspecified</pose><truncated>0</truncated><difficult>0</difficult><bndbox><xmin>426</xmin><ymin>383</ymin><xmax>519</xmax><ymax>476</ymax></bndbox></object><object><name>car</name><pose>Unspecified</pose><truncated>0</truncated><difficult>0</difficult><bndbox><xmin>358</xmin><ymin>406</ymin><xmax>417</xmax><ymax>535</ymax></bndbox></object><object><name>bus</name><pose>Unspecified</pose><truncated>0</truncated><difficult>0</difficult><bndbox><xmin>1</xmin><ymin>1</ymin><xmax>401</xmax><ymax>636</ymax></bndbox></object></annotation>