<annotation><filename>day_125.jpg</filename><path>day_125.jpg</path><size><width>640</width><height>640</height><depth>3</depth></size><object><name>person</name><pose>Unspecified</pose><truncated>0</truncated><difficult>0</difficult><bndbox><xmin>308</xmin><ymin>1</ymin><xmax>506</xmax><ymax>490</ymax></bndbox></object><object><name>person</name><pose>Unspecified</pose><truncated>0</truncated><difficult>0</difficult><bndbox><xmin>533</xmin><ymin>4</ymin><xmax>641</xmax><ymax>419</ymax></bndbox></object><object><name>person</name><pose>Unspecified</pose><truncated>0</truncated><difficult>0</difficult><bndbox><xmin>39</xmin><ymin>26</ymin><xmax>262</xmax><ymax>414</ymax></bndbox></object></annotation>