<annotation><filename>day_143.jpg</filename><path>day_143.jpg</path><size><width>640</width><height>640</height><depth>3</depth></size><object><name>person</name><pose>Unspecified</pose><truncated>0</truncated><difficult>0</difficult><bndbox><xmin>452</xmin><ymin>1</ymin><xmax>561</xmax><ymax>172</ymax></bndbox></object><object><name>person</name><pose>Unspecified</pose><truncated>0</truncated><difficult>0</difficult><bndbox><xmin>204</xmin><ymin>1</ymin><xmax>331</xmax><ymax>147</ymax></bndbox></object><object><name>person</name><pose>Unspecified</pose><truncated>0</truncated><difficult>0</difficult><bndbox><xmin>2</xmin><ymin>1</ymin><xmax>122</xmax><ymax>122</ymax></bndbox></object></annotation>