<annotation><filename>day_174.jpg</filename><path>day_174.jpg</path><size><width>640</width><height>640</height><depth>3</depth></size><object><name>truck</name><pose>Unspecified</pose><truncated>0</truncated><difficult>0</difficult><bndbox><xmin>510</xmin><ymin>233</ymin><xmax>606</xmax><ymax>339</ymax></bndbox></object><object><name>truck</name><pose>Unspecified</pose><truncated>0</truncated><difficult>0</difficult><bndbox><xmin>1</xmin><ymin>244</ymin><xmax>408</xmax><ymax>544</ymax></bndbox></object></annotation>