<annotation><filename>day_176.jpg</filename><path>day_176.jpg</path><size><width>640</width><height>640</height><depth>3</depth></size><object><name>truck</name><pose>Unspecified</pose><truncated>0</truncated><difficult>0</difficult><bndbox><xmin>249</xmin><ymin>197</ymin><xmax>641</xmax><ymax>544</ymax></bndbox></object><object><name>truck</name><pose>Unspecified</pose><truncated>0</truncated><difficult>0</difficult><bndbox><xmin>6</xmin><ymin>204</ymin><xmax>387</xmax><ymax>394</ymax></bndbox></object></annotation>