<annotation><filename>day_166.jpg</filename><path>day_166.jpg</path><size><width>640</width><height>640</height><depth>3</depth></size><object><name>person</name><pose>Unspecified</pose><truncated>0</truncated><difficult>0</difficult><bndbox><xmin>363</xmin><ymin>1</ymin><xmax>597</xmax><ymax>322</ymax></bndbox></object><object><name>person</name><pose>Unspecified</pose><truncated>0</truncated><difficult>0</difficult><bndbox><xmin>2</xmin><ymin>1</ymin><xmax>154</xmax><ymax>365</ymax></bndbox></object><object><name>person</name><pose>Unspecified</pose><truncated>0</truncated><difficult>0</difficult><bndbox><xmin>82</xmin><ymin>1</ymin><xmax>266</xmax><ymax>353</ymax></bndbox></object></annotation>