<annotation><filename>day_12.jpg</filename><path>day_12.jpg</path><size><width>640</width><height>640</height><depth>3</depth></size><object><name>person</name><pose>Unspecified</pose><truncated>0</truncated><difficult>0</difficult><bndbox><xmin>130</xmin><ymin>221</ymin><xmax>214</xmax><ymax>423</ymax></bndbox></object><object><name>person</name><pose>Unspecified</pose><truncated>0</truncated><difficult>0</difficult><bndbox><xmin>49</xmin><ymin>265</ymin><xmax>139</xmax><ymax>485</ymax></bndbox></object></annotation>