<annotation><filename>day_3.jpg</filename><path>day_3.jpg</path><size><width>640</width><height>640</height><depth>3</depth></size><object><name>person</name><pose>Unspecified</pose><truncated>0</truncated><difficult>0</difficult><bndbox><xmin>197</xmin><ymin>1</ymin><xmax>251</xmax><ymax>128</ymax></bndbox></object><object><name>person</name><pose>Unspecified</pose><truncated>0</truncated><difficult>0</difficult><bndbox><xmin>464</xmin><ymin>5</ymin><xmax>530</xmax><ymax>146</ymax></bndbox></object><object><name>person</name><pose>Unspecified</pose><truncated>0</truncated><difficult>0</difficult><bndbox><xmin>171</xmin><ymin>23</ymin><xmax>203</xmax><ymax>121</ymax></bndbox></object><object><name>person</name><pose>Unspecified</pose><truncated>0</truncated><difficult>0</difficult><bndbox><xmin>53</xmin><ymin>14</ymin><xmax>119</xmax><ymax>130</ymax></bndbox></object></annotation>