<annotation><filename>day_33.jpg</filename><path>day_33.jpg</path><size><width>640</width><height>640</height><depth>3</depth></size><object><name>truck</name><pose>Unspecified</pose><truncated>0</truncated><difficult>0</difficult><bndbox><xmin>341</xmin><ymin>240</ymin><xmax>607</xmax><ymax>519</ymax></bndbox></object><object><name>truck</name><pose>Unspecified</pose><truncated>0</truncated><difficult>0</difficult><bndbox><xmin>119</xmin><ymin>289</ymin><xmax>229</xmax><ymax>391</ymax></bndbox></object><object><name>truck</name><pose>Unspecified</pose><truncated>0</truncated><difficult>0</difficult><bndbox><xmin>40</xmin><ymin>273</ymin><xmax>83</xmax><ymax>333</ymax></bndbox></object></annotation>