<annotation><filename>day_64.jpg</filename><path>day_64.jpg</path><size><width>640</width><height>640</height><depth>3</depth></size><object><name>person</name><pose>Unspecified</pose><truncated>0</truncated><difficult>0</difficult><bndbox><xmin>181</xmin><ymin>1</ymin><xmax>371</xmax><ymax>149</ymax></bndbox></object><object><name>person</name><pose>Unspecified</pose><truncated>0</truncated><difficult>0</difficult><bndbox><xmin>523</xmin><ymin>10</ymin><xmax>639</xmax><ymax>121</ymax></bndbox></object><object><name>person</name><pose>Unspecified</pose><truncated>0</truncated><difficult>0</difficult><bndbox><xmin>548</xmin><ymin>306</ymin><xmax>633</xmax><ymax>594</ymax></bndbox></object><object><name>person</name><pose>Unspecified</pose><truncated>0</truncated><difficult>0</difficult><bndbox><xmin>3</xmin><ymin>1</ymin><xmax>110</xmax><ymax>208</ymax></bndbox></object></annotation>