<annotation><filename>day_170.jpg</filename><path>day_170.jpg</path><size><width>640</width><height>640</height><depth>3</depth></size><object><name>truck</name><pose>Unspecified</pose><truncated>0</truncated><difficult>0</difficult><bndbox><xmin>276</xmin><ymin>325</ymin><xmax>641</xmax><ymax>482</ymax></bndbox></object><object><name>truck</name><pose>Unspecified</pose><truncated>0</truncated><difficult>0</difficult><bndbox><xmin>7</xmin><ymin>290</ymin><xmax>457</xmax><ymax>419</ymax></bndbox></object></annotation>