<annotation><filename>day_105.jpg</filename><path>day_105.jpg</path><size><width>640</width><height>640</height><depth>3</depth></size><object><name>car</name><pose>Unspecified</pose><truncated>0</truncated><difficult>0</difficult><bndbox><xmin>213</xmin><ymin>212</ymin><xmax>378</xmax><ymax>383</ymax></bndbox></object><object><name>car</name><pose>Unspecified</pose><truncated>0</truncated><difficult>0</difficult><bndbox><xmin>531</xmin><ymin>174</ymin><xmax>641</xmax><ymax>360</ymax></bndbox></object><object><name>car</name><pose>Unspecified</pose><truncated>0</truncated><difficult>0</difficult><bndbox><xmin>488</xmin><ymin>1</ymin><xmax>641</xmax><ymax>147</ymax></bndbox></object><object><name>car</name><pose>Unspecified</pose><truncated>0</truncated><difficult>0</difficult><bndbox><xmin>201</xmin><ymin>1</ymin><xmax>347</xmax><ymax>89</ymax></bndbox></object><object><name>car</name><pose>Unspecified</pose><truncated>0</truncated><difficult>0</difficult><bndbox><xmin>46</xmin><ymin>407</ymin><xmax>203</xmax><ymax>623</ymax></bndbox></object><object><name>car</name><pose>Unspecified</pose><truncated>0</truncated><difficult>0</difficult><bndbox><xmin>438</xmin><ymin>458</ymin><xmax>591</xmax><ymax>641</ymax></bndbox></object><object><name>car</name><pose>Unspecified</pose><truncated>0</truncated><difficult>0</difficult><bndbox><xmin>237</xmin><ymin>586</ymin><xmax>369</xmax><ymax>641</ymax></bndbox></object><object><name>car</name><pose>Unspecified</pose><truncated>0</truncated><difficult>0</difficult><bndbox><xmin>1</xmin><ymin>183</ymin><xmax>131</xmax><ymax>327</ymax></bndbox></object><object><name>car</name><pose>Unspecified</pose><truncated>0</truncated><difficult>0</difficult><bndbox><xmin>39</xmin><ymin>33</ymin><xmax>162</xmax><ymax>187</ymax></bndbox></object><object><name>car</name><pose>Unspecified</pose><truncated>0</truncated><difficult>0</difficult><bndbox><xmin>431</xmin><ymin>326</ymin><xmax>487</xmax><ymax>424</ymax></bndbox></object><object><name>person</name><pose>Unspecified</pose><truncated>0</truncated><difficult>0</difficult><bndbox><xmin>563</xmin><ymin>380</ymin><xmax>610</xmax><ymax>482</ymax></bndbox></object><object><name>person</name><pose>Unspecified</pose><truncated>0</truncated><difficult>0</difficult><bndbox><xmin>597</xmin><ymin>333</ymin><xmax>637</xmax><ymax>428</ymax></bndbox></object><object><name>person</name><pose>Unspecified</pose><truncated>0</truncated><difficult>0</difficult><bndbox><xmin>315</xmin><ymin>403</ymin><xmax>380</xmax><ymax>513</ymax></bndbox></object><object><name>person</name><pose>Unspecified</pose><truncated>0</truncated><difficult>0</difficult><bndbox><xmin>271</xmin><ymin>460</ymin><xmax>330</xmax><ymax>574</ymax></bndbox></object><object><name>person</name><pose>Unspecified</pose><truncated>0</truncated><difficult>0</difficult><bndbox><xmin>417</xmin><ymin>262</ymin><xmax>469</xmax><ymax>353</ymax></bndbox></object><object><name>person</name><pose>Unspecified</pose><truncated>0</truncated><difficult>0</difficult><bndbox><xmin>444</xmin><ymin>292</ymin><xmax>479</xmax><ymax>385</ymax></bndbox></object><object><name>person</name><pose>Unspecified</pose><truncated>0</truncated><difficult>0</difficult><bndbox><xmin>494</xmin><ymin>282</ymin><xmax>538</xmax><ymax>380</ymax></bndbox></object><object><name>person</name><pose>Unspecified</pose><truncated>0</truncated><difficult>0</difficult><bndbox><xmin>471</xmin><ymin>153</ymin><xmax>512</xmax><ymax>265</ymax></bndbox></object><object><name>person</name><pose>Unspecified</pose><truncated>0</truncated><difficult>0</difficult><bndbox><xmin>419</xmin><ymin>192</ymin><xmax>460</xmax><ymax>296</ymax></bndbox></object><object><name>person</name><pose>Unspecified</pose><truncated>0</truncated><difficult>0</difficult><bndbox><xmin>469</xmin><ymin>74</ymin><xmax>506</xmax><ymax>180</ymax></bndbox></object><object><name>person</name><pose>Unspecified</pose><truncated>0</truncated><difficult>0</difficult><bndbox><xmin>435</xmin><ymin>60</ymin><xmax>469</xmax><ymax>144</ymax></bndbox></object><object><name>person</name><pose>Unspecified</pose><truncated>0</truncated><difficult>0</difficult><bndbox><xmin>392</xmin><ymin>74</ymin><xmax>417</xmax><ymax>151</ymax></bndbox></object><object><name>person</name><pose>Unspecified</pose><truncated>0</truncated><difficult>0</difficult><bndbox><xmin>433</xmin><ymin>146</ymin><xmax>469</xmax><ymax>217</ymax></bndbox></object><object><name>person</name><pose>Unspecified</pose><truncated>0</truncated><difficult>0</difficult><bndbox><xmin>360</xmin><ymin>157</ymin><xmax>399</xmax><ymax>250</ymax></bndbox></object><object><name>person</name><pose>Unspecified</pose><truncated>0</truncated><difficult>0</difficult><bndbox><xmin>319</xmin><ymin>100</ymin><xmax>362</xmax><ymax>191</ymax></bndbox></object><object><name>person</name><pose>Unspecified</pose><truncated>0</truncated><difficult>0</difficult><bndbox><xmin>292</xmin><ymin>151</ymin><xmax>330</xmax><ymax>217</ymax></bndbox></object><object><name>person</name><pose>Unspecified</pose><truncated>0</truncated><difficult>0</difficult><bndbox><xmin>281</xmin><ymin>89</ymin><xmax>321</xmax><ymax>164</ymax></bndbox></object><object><name>person</name><pose>Unspecified</pose><truncated>0</truncated><difficult>0</difficult><bndbox><xmin>260</xmin><ymin>115</ymin><xmax>312</xmax><ymax>199</ymax></bndbox></object><object><name>person</name><pose>Unspecified</pose><truncated>0</truncated><difficult>0</difficult><bndbox><xmin>200</xmin><ymin>82</ymin><xmax>248</xmax><ymax>189</ymax></bndbox></object><object><name>person</name><pose>Unspecified</pose><truncated>0</truncated><difficult>0</difficult><bndbox><xmin>167</xmin><ymin>49</ymin><xmax>199</xmax><ymax>144</ymax></bndbox></object><object><name>person</name><pose>Unspecified</pose><truncated>0</truncated><difficult>0</difficult><bndbox><xmin>174</xmin><ymin>212</ymin><xmax>235</xmax><ymax>301</ymax></bndbox></object><object><name>person</name><pose>Unspecified</pose><truncated>0</truncated><difficult>0</difficult><bndbox><xmin>133</xmin><ymin>253</ymin><xmax>180</xmax><ymax>344</ymax></bndbox></object></annotation>