<annotation><filename>day_62.jpg</filename><path>day_62.jpg</path><size><width>640</width><height>640</height><depth>3</depth></size><object><name>person</name><pose>Unspecified</pose><truncated>0</truncated><difficult>0</difficult><bndbox><xmin>346</xmin><ymin>1</ymin><xmax>514</xmax><ymax>296</ymax></bndbox></object><object><name>person</name><pose>Unspecified</pose><truncated>0</truncated><difficult>0</difficult><bndbox><xmin>431</xmin><ymin>1</ymin><xmax>573</xmax><ymax>191</ymax></bndbox></object><object><name>person</name><pose>Unspecified</pose><truncated>0</truncated><difficult>0</difficult><bndbox><xmin>46</xmin><ymin>21</ymin><xmax>233</xmax><ymax>305</ymax></bndbox></object></annotation>