<annotation><filename>day_35.jpg</filename><path>day_35.jpg</path><size><width>640</width><height>640</height><depth>3</depth></size><object><name>truck</name><pose>Unspecified</pose><truncated>0</truncated><difficult>0</difficult><bndbox><xmin>174</xmin><ymin>80</ymin><xmax>641</xmax><ymax>558</ymax></bndbox></object><object><name>truck</name><pose>Unspecified</pose><truncated>0</truncated><difficult>0</difficult><bndbox><xmin>8</xmin><ymin>251</ymin><xmax>155</xmax><ymax>437</ymax></bndbox></object></annotation>