<annotation><filename>day_187.jpg</filename><path>day_187.jpg</path><size><width>640</width><height>640</height><depth>3</depth></size><object><name>car</name><pose>Unspecified</pose><truncated>0</truncated><difficult>0</difficult><bndbox><xmin>292</xmin><ymin>413</ymin><xmax>514</xmax><ymax>641</ymax></bndbox></object><object><name>car</name><pose>Unspecified</pose><truncated>0</truncated><difficult>0</difficult><bndbox><xmin>316</xmin><ymin>239</ymin><xmax>475</xmax><ymax>407</ymax></bndbox></object><object><name>van</name><pose>Unspecified</pose><truncated>0</truncated><difficult>0</difficult><bndbox><xmin>340</xmin><ymin>44</ymin><xmax>471</xmax><ymax>188</ymax></bndbox></object><object><name>car</name><pose>Unspecified</pose><truncated>0</truncated><difficult>0</difficult><bndbox><xmin>73</xmin><ymin>100</ymin><xmax>200</xmax><ymax>257</ymax></bndbox></object><object><name>car</name><pose>Unspecified</pose><truncated>0</truncated><difficult>0</difficult><bndbox><xmin>124</xmin><ymin>5</ymin><xmax>219</xmax><ymax>73</ymax></bndbox></object><object><name>car</name><pose>Unspecified</pose><truncated>0</truncated><difficult>0</difficult><bndbox><xmin>322</xmin><ymin>3</ymin><xmax>410</xmax><ymax>67</ymax></bndbox></object><object><name>car</name><pose>Unspecified</pose><truncated>0</truncated><difficult>0</difficult><bndbox><xmin>563</xmin><ymin>5</ymin><xmax>641</xmax><ymax>114</ymax></bndbox></object><object><name>van</name><pose>Unspecified</pose><truncated>0</truncated><difficult>0</difficult><bndbox><xmin>1</xmin><ymin>296</ymin><xmax>159</xmax><ymax>641</ymax></bndbox></object></annotation>