<annotation><filename>day_60.jpg</filename><path>day_60.jpg</path><size><width>640</width><height>640</height><depth>3</depth></size><object><name>person</name><pose>Unspecified</pose><truncated>0</truncated><difficult>0</difficult><bndbox><xmin>281</xmin><ymin>5</ymin><xmax>385</xmax><ymax>246</ymax></bndbox></object><object><name>person</name><pose>Unspecified</pose><truncated>0</truncated><difficult>0</difficult><bndbox><xmin>543</xmin><ymin>1</ymin><xmax>638</xmax><ymax>203</ymax></bndbox></object><object><name>person</name><pose>Unspecified</pose><truncated>0</truncated><difficult>0</difficult><bndbox><xmin>5</xmin><ymin>13</ymin><xmax>155</xmax><ymax>260</ymax></bndbox></object></annotation>