<annotation><filename>day_29.jpg</filename><path>day_29.jpg</path><size><width>640</width><height>640</height><depth>3</depth></size><object><name>bus</name><pose>Unspecified</pose><truncated>0</truncated><difficult>0</difficult><bndbox><xmin>358</xmin><ymin>1</ymin><xmax>641</xmax><ymax>641</ymax></bndbox></object><object><name>bus</name><pose>Unspecified</pose><truncated>0</truncated><difficult>0</difficult><bndbox><xmin>1</xmin><ymin>46</ymin><xmax>301</xmax><ymax>641</ymax></bndbox></object><object><name>car</name><pose>Unspecified</pose><truncated>0</truncated><difficult>0</difficult><bndbox><xmin>262</xmin><ymin>239</ymin><xmax>360</xmax><ymax>362</ymax></bndbox></object></annotation>