<annotation><filename>day_172.jpg</filename><path>day_172.jpg</path><size><width>640</width><height>640</height><depth>3</depth></size><object><name>truck</name><pose>Unspecified</pose><truncated>0</truncated><difficult>0</difficult><bndbox><xmin>110</xmin><ymin>92</ymin><xmax>619</xmax><ymax>560</ymax></bndbox></object><object><name>truck</name><pose>Unspecified</pose><truncated>0</truncated><difficult>0</difficult><bndbox><xmin>10</xmin><ymin>196</ymin><xmax>203</xmax><ymax>449</ymax></bndbox></object></annotation>