<annotation><filename>day_63.jpg</filename><path>day_63.jpg</path><size><width>640</width><height>640</height><depth>3</depth></size><object><name>person</name><pose>Unspecified</pose><truncated>0</truncated><difficult>0</difficult><bndbox><xmin>183</xmin><ymin>1</ymin><xmax>358</xmax><ymax>340</ymax></bndbox></object><object><name>person</name><pose>Unspecified</pose><truncated>0</truncated><difficult>0</difficult><bndbox><xmin>352</xmin><ymin>1</ymin><xmax>540</xmax><ymax>265</ymax></bndbox></object><object><name>person</name><pose>Unspecified</pose><truncated>0</truncated><difficult>0</difficult><bndbox><xmin>31</xmin><ymin>1</ymin><xmax>163</xmax><ymax>240</ymax></bndbox></object></annotation>