<annotation><filename>day_173.jpg</filename><path>day_173.jpg</path><size><width>640</width><height>640</height><depth>3</depth></size><object><name>truck</name><pose>Unspecified</pose><truncated>0</truncated><difficult>0</difficult><bndbox><xmin>279</xmin><ymin>37</ymin><xmax>641</xmax><ymax>469</ymax></bndbox></object><object><name>truck</name><pose>Unspecified</pose><truncated>0</truncated><difficult>0</difficult><bndbox><xmin>110</xmin><ymin>64</ymin><xmax>328</xmax><ymax>326</ymax></bndbox></object></annotation>