<annotation><filename>day_153.jpg</filename><path>day_153.jpg</path><size><width>640</width><height>640</height><depth>3</depth></size><object><name>truck</name><pose>Unspecified</pose><truncated>0</truncated><difficult>0</difficult><bndbox><xmin>138</xmin><ymin>1</ymin><xmax>641</xmax><ymax>516</ymax></bndbox></object><object><name>truck</name><pose>Unspecified</pose><truncated>0</truncated><difficult>0</difficult><bndbox><xmin>1</xmin><ymin>37</ymin><xmax>135</xmax><ymax>431</ymax></bndbox></object><object><name>truck</name><pose>Unspecified</pose><truncated>0</truncated><difficult>0</difficult><bndbox><xmin>5</xmin><ymin>37</ymin><xmax>190</xmax><ymax>312</ymax></bndbox></object></annotation>