<annotation><filename>day_178.jpg</filename><path>day_178.jpg</path><size><width>640</width><height>640</height><depth>3</depth></size><object><name>truck</name><pose>Unspecified</pose><truncated>0</truncated><difficult>0</difficult><bndbox><xmin>92</xmin><ymin>255</ymin><xmax>455</xmax><ymax>583</ymax></bndbox></object><object><name>truck</name><pose>Unspecified</pose><truncated>0</truncated><difficult>0</difficult><bndbox><xmin>433</xmin><ymin>216</ymin><xmax>564</xmax><ymax>357</ymax></bndbox></object><object><name>truck</name><pose>Unspecified</pose><truncated>0</truncated><difficult>0</difficult><bndbox><xmin>158</xmin><ymin>183</ymin><xmax>269</xmax><ymax>249</ymax></bndbox></object></annotation>