<annotation><filename>day_31.jpg</filename><path>day_31.jpg</path><size><width>640</width><height>640</height><depth>3</depth></size><object><name>truck</name><pose>Unspecified</pose><truncated>0</truncated><difficult>0</difficult><bndbox><xmin>85</xmin><ymin>280</ymin><xmax>224</xmax><ymax>478</ymax></bndbox></object><object><name>truck</name><pose>Unspecified</pose><truncated>0</truncated><difficult>0</difficult><bndbox><xmin>346</xmin><ymin>234</ymin><xmax>641</xmax><ymax>604</ymax></bndbox></object><object><name>car</name><pose>Unspecified</pose><truncated>0</truncated><difficult>0</difficult><bndbox><xmin>269</xmin><ymin>374</ymin><xmax>340</xmax><ymax>424</ymax></bndbox></object></annotation>