<annotation><filename>day_177.jpg</filename><path>day_177.jpg</path><size><width>640</width><height>640</height><depth>3</depth></size><object><name>truck</name><pose>Unspecified</pose><truncated>0</truncated><difficult>0</difficult><bndbox><xmin>400</xmin><ymin>208</ymin><xmax>623</xmax><ymax>365</ymax></bndbox></object><object><name>car</name><pose>Unspecified</pose><truncated>0</truncated><difficult>0</difficult><bndbox><xmin>107</xmin><ymin>198</ymin><xmax>173</xmax><ymax>242</ymax></bndbox></object><object><name>truck</name><pose>Unspecified</pose><truncated>0</truncated><difficult>0</difficult><bndbox><xmin>1</xmin><ymin>249</ymin><xmax>372</xmax><ymax>604</ymax></bndbox></object></annotation>