<annotation><filename>day_40.jpg</filename><path>day_40.jpg</path><size><width>640</width><height>640</height><depth>3</depth></size><object><name>van</name><pose>Unspecified</pose><truncated>0</truncated><difficult>0</difficult><bndbox><xmin>1</xmin><ymin>280</ymin><xmax>353</xmax><ymax>640</ymax></bndbox></object><object><name>van</name><pose>Unspecified</pose><truncated>0</truncated><difficult>0</difficult><bndbox><xmin>35</xmin><ymin>112</ymin><xmax>415</xmax><ymax>408</ymax></bndbox></object><object><name>van</name><pose>Unspecified</pose><truncated>0</truncated><difficult>0</difficult><bndbox><xmin>224</xmin><ymin>14</ymin><xmax>444</xmax><ymax>296</ymax></bndbox></object><object><name>car</name><pose>Unspecified</pose><truncated>0</truncated><difficult>0</difficult><bndbox><xmin>563</xmin><ymin>131</ymin><xmax>641</xmax><ymax>309</ymax></bndbox></object><object><name>car</name><pose>Unspecified</pose><truncated>0</truncated><difficult>0</difficult><bndbox><xmin>1</xmin><ymin>74</ymin><xmax>116</xmax><ymax>196</ymax></bndbox></object><object><name>car</name><pose>Unspecified</pose><truncated>0</truncated><difficult>0</difficult><bndbox><xmin>24</xmin><ymin>35</ymin><xmax>187</xmax><ymax>146</ymax></bndbox></object><object><name>car</name><pose>Unspecified</pose><truncated>0</truncated><difficult>0</difficult><bndbox><xmin>533</xmin><ymin>23</ymin><xmax>641</xmax><ymax>182</ymax></bndbox></object></annotation>