<annotation><filename>day_49.jpg</filename><path>day_49.jpg</path><size><width>640</width><height>640</height><depth>3</depth></size><object><name>truck</name><pose>Unspecified</pose><truncated>0</truncated><difficult>0</difficult><bndbox><xmin>242</xmin><ymin>78</ymin><xmax>641</xmax><ymax>615</ymax></bndbox></object><object><name>truck</name><pose>Unspecified</pose><truncated>0</truncated><difficult>0</difficult><bndbox><xmin>76</xmin><ymin>210</ymin><xmax>312</xmax><ymax>460</ymax></bndbox></object><object><name>truck</name><pose>Unspecified</pose><truncated>0</truncated><difficult>0</difficult><bndbox><xmin>1</xmin><ymin>243</ymin><xmax>63</xmax><ymax>515</ymax></bndbox></object></annotation>