<annotation><filename>day_34.jpg</filename><path>day_34.jpg</path><size><width>640</width><height>640</height><depth>3</depth></size><object><name>truck</name><pose>Unspecified</pose><truncated>0</truncated><difficult>0</difficult><bndbox><xmin>315</xmin><ymin>228</ymin><xmax>483</xmax><ymax>403</ymax></bndbox></object><object><name>truck</name><pose>Unspecified</pose><truncated>0</truncated><difficult>0</difficult><bndbox><xmin>526</xmin><ymin>226</ymin><xmax>641</xmax><ymax>544</ymax></bndbox></object><object><name>truck</name><pose>Unspecified</pose><truncated>0</truncated><difficult>0</difficult><bndbox><xmin>33</xmin><ymin>174</ymin><xmax>248</xmax><ymax>301</ymax></bndbox></object></annotation>