<annotation><filename>day_182.jpg</filename><path>day_182.jpg</path><size><width>640</width><height>640</height><depth>3</depth></size><object><name>car</name><pose>Unspecified</pose><truncated>0</truncated><difficult>0</difficult><bndbox><xmin>380</xmin><ymin>244</ymin><xmax>521</xmax><ymax>335</ymax></bndbox></object><object><name>car</name><pose>Unspecified</pose><truncated>0</truncated><difficult>0</difficult><bndbox><xmin>549</xmin><ymin>257</ymin><xmax>641</xmax><ymax>341</ymax></bndbox></object><object><name>van</name><pose>Unspecified</pose><truncated>0</truncated><difficult>0</difficult><bndbox><xmin>312</xmin><ymin>214</ymin><xmax>396</xmax><ymax>276</ymax></bndbox></object><object><name>car</name><pose>Unspecified</pose><truncated>0</truncated><difficult>0</difficult><bndbox><xmin>221</xmin><ymin>181</ymin><xmax>306</xmax><ymax>226</ymax></bndbox></object><object><name>car</name><pose>Unspecified</pose><truncated>0</truncated><difficult>0</difficult><bndbox><xmin>171</xmin><ymin>166</ymin><xmax>223</xmax><ymax>214</ymax></bndbox></object></annotation>