<annotation><filename>day_6.jpg</filename><path>day_6.jpg</path><size><width>640</width><height>640</height><depth>3</depth></size><object><name>person</name><pose>Unspecified</pose><truncated>0</truncated><difficult>0</difficult><bndbox><xmin>256</xmin><ymin>65</ymin><xmax>335</xmax><ymax>212</ymax></bndbox></object><object><name>person</name><pose>Unspecified</pose><truncated>0</truncated><difficult>0</difficult><bndbox><xmin>130</xmin><ymin>76</ymin><xmax>199</xmax><ymax>247</ymax></bndbox></object></annotation>