<annotation><filename>day_36.jpg</filename><path>day_36.jpg</path><size><width>640</width><height>640</height><depth>3</depth></size><object><name>truck</name><pose>Unspecified</pose><truncated>0</truncated><difficult>0</difficult><bndbox><xmin>188</xmin><ymin>103</ymin><xmax>641</xmax><ymax>530</ymax></bndbox></object><object><name>truck</name><pose>Unspecified</pose><truncated>0</truncated><difficult>0</difficult><bndbox><xmin>63</xmin><ymin>276</ymin><xmax>178</xmax><ymax>435</ymax></bndbox></object></annotation>