<annotation><filename>day_56.jpg</filename><path>day_56.jpg</path><size><width>640</width><height>640</height><depth>3</depth></size><object><name>person</name><pose>Unspecified</pose><truncated>0</truncated><difficult>0</difficult><bndbox><xmin>333</xmin><ymin>1</ymin><xmax>604</xmax><ymax>415</ymax></bndbox></object><object><name>person</name><pose>Unspecified</pose><truncated>0</truncated><difficult>0</difficult><bndbox><xmin>149</xmin><ymin>1</ymin><xmax>415</xmax><ymax>356</ymax></bndbox></object><object><name>person</name><pose>Unspecified</pose><truncated>0</truncated><difficult>0</difficult><bndbox><xmin>26</xmin><ymin>1</ymin><xmax>170</xmax><ymax>272</ymax></bndbox></object></annotation>