<annotation><filename>day_32.jpg</filename><path>day_32.jpg</path><size><width>640</width><height>640</height><depth>3</depth></size><object><name>truck</name><pose>Unspecified</pose><truncated>0</truncated><difficult>0</difficult><bndbox><xmin>1</xmin><ymin>233</ymin><xmax>235</xmax><ymax>478</ymax></bndbox></object><object><name>truck</name><pose>Unspecified</pose><truncated>0</truncated><difficult>0</difficult><bndbox><xmin>444</xmin><ymin>314</ymin><xmax>562</xmax><ymax>496</ymax></bndbox></object><object><name>truck</name><pose>Unspecified</pose><truncated>0</truncated><difficult>0</difficult><bndbox><xmin>312</xmin><ymin>399</ymin><xmax>364</xmax><ymax>442</ymax></bndbox></object></annotation>