<annotation><filename>day_145.jpg</filename><path>day_145.jpg</path><size><width>640</width><height>640</height><depth>3</depth></size><object><name>person</name><pose>Unspecified</pose><truncated>0</truncated><difficult>0</difficult><bndbox><xmin>332</xmin><ymin>394</ymin><xmax>523</xmax><ymax>641</ymax></bndbox></object><object><name>person</name><pose>Unspecified</pose><truncated>0</truncated><difficult>0</difficult><bndbox><xmin>89</xmin><ymin>267</ymin><xmax>257</xmax><ymax>641</ymax></bndbox></object><object><name>person</name><pose>Unspecified</pose><truncated>0</truncated><difficult>0</difficult><bndbox><xmin>213</xmin><ymin>28</ymin><xmax>369</xmax><ymax>340</ymax></bndbox></object><object><name>person</name><pose>Unspecified</pose><truncated>0</truncated><difficult>0</difficult><bndbox><xmin>402</xmin><ymin>1</ymin><xmax>522</xmax><ymax>206</ymax></bndbox></object><object><name>person</name><pose>Unspecified</pose><truncated>0</truncated><difficult>0</difficult><bndbox><xmin>538</xmin><ymin>52</ymin><xmax>641</xmax><ymax>379</ymax></bndbox></object><object><name>person</name><pose>Unspecified</pose><truncated>0</truncated><difficult>0</difficult><bndbox><xmin>31</xmin><ymin>1</ymin><xmax>143</xmax><ymax>156</ymax></bndbox></object><object><name>person</name><pose>Unspecified</pose><truncated>0</truncated><difficult>0</difficult><bndbox><xmin>157</xmin><ymin>1</ymin><xmax>280</xmax><ymax>139</ymax></bndbox></object></annotation>