<annotation><filename>dusttornado-031.jpg</filename><path>/home/kenmo/v_ws/OpenLabeling/main/input_sand/dusttornado-031.jpg</path><size><width>602</width><height>337</height><depth>3</depth></size><object><name>car</name><pose>Unspecified</pose><truncated>0</truncated><difficult>0</difficult><bndbox><xmin>454</xmin><ymin>272</ymin><xmax>569</xmax><ymax>336</ymax></bndbox></object><object><name>car</name><pose>Unspecified</pose><truncated>0</truncated><difficult>0</difficult><bndbox><xmin>128</xmin><ymin>269</ymin><xmax>238</xmax><ymax>336</ymax></bndbox></object><object><name>car</name><pose>Unspecified</pose><truncated>0</truncated><difficult>0</difficult><bndbox><xmin>326</xmin><ymin>266</ymin><xmax>388</xmax><ymax>320</ymax></bndbox></object><object><name>car</name><pose>Unspecified</pose><truncated>0</truncated><difficult>0</difficult><bndbox><xmin>405</xmin><ymin>272</ymin><xmax>426</xmax><ymax>288</ymax></bndbox></object><object><name>car</name><pose>Unspecified</pose><truncated>0</truncated><difficult>0</difficult><bndbox><xmin>386</xmin><ymin>272</ymin><xmax>405</xmax><ymax>288</ymax></bndbox></object></annotation>