<annotation><filename>dust_111.jpg</filename><path>dust_111.jpg</path><size><width>640</width><height>640</height><depth>3</depth></size><object><name>person</name><pose>Unspecified</pose><truncated>0</truncated><difficult>0</difficult><bndbox><xmin>490</xmin><ymin>141</ymin><xmax>546</xmax><ymax>339</ymax></bndbox></object><object><name>person</name><pose>Unspecified</pose><truncated>0</truncated><difficult>0</difficult><bndbox><xmin>530</xmin><ymin>154</ymin><xmax>589</xmax><ymax>310</ymax></bndbox></object><object><name>person</name><pose>Unspecified</pose><truncated>0</truncated><difficult>0</difficult><bndbox><xmin>455</xmin><ymin>167</ymin><xmax>496</xmax><ymax>331</ymax></bndbox></object><object><name>person</name><pose>Unspecified</pose><truncated>0</truncated><difficult>0</difficult><bndbox><xmin>412</xmin><ymin>160</ymin><xmax>455</xmax><ymax>297</ymax></bndbox></object><object><name>person</name><pose>Unspecified</pose><truncated>0</truncated><difficult>0</difficult><bndbox><xmin>381</xmin><ymin>135</ymin><xmax>419</xmax><ymax>255</ymax></bndbox></object><object><name>person</name><pose>Unspecified</pose><truncated>0</truncated><difficult>0</difficult><bndbox><xmin>269</xmin><ymin>171</ymin><xmax>315</xmax><ymax>292</ymax></bndbox></object><object><name>person</name><pose>Unspecified</pose><truncated>0</truncated><difficult>0</difficult><bndbox><xmin>314</xmin><ymin>135</ymin><xmax>349</xmax><ymax>242</ymax></bndbox></object><object><name>person</name><pose>Unspecified</pose><truncated>0</truncated><difficult>0</difficult><bndbox><xmin>346</xmin><ymin>112</ymin><xmax>389</xmax><ymax>256</ymax></bndbox></object><object><name>person</name><pose>Unspecified</pose><truncated>0</truncated><difficult>0</difficult><bndbox><xmin>257</xmin><ymin>126</ymin><xmax>289</xmax><ymax>230</ymax></bndbox></object><object><name>person</name><pose>Unspecified</pose><truncated>0</truncated><difficult>0</difficult><bndbox><xmin>176</xmin><ymin>122</ymin><xmax>228</xmax><ymax>226</ymax></bndbox></object><object><name>person</name><pose>Unspecified</pose><truncated>0</truncated><difficult>0</difficult><bndbox><xmin>157</xmin><ymin>187</ymin><xmax>205</xmax><ymax>290</ymax></bndbox></object><object><name>person</name><pose>Unspecified</pose><truncated>0</truncated><difficult>0</difficult><bndbox><xmin>73</xmin><ymin>160</ymin><xmax>123</xmax><ymax>294</ymax></bndbox></object></annotation>