<annotation><filename>dusttornado-035.jpg</filename><path>/home/kenmo/v_ws/OpenLabeling/main/input_sand/dusttornado-035.jpg</path><size><width>600</width><height>324</height><depth>3</depth></size><object><name>bus</name><pose>Unspecified</pose><truncated>0</truncated><difficult>0</difficult><bndbox><xmin>327</xmin><ymin>209</ymin><xmax>372</xmax><ymax>259</ymax></bndbox></object><object><name>car</name><pose>Unspecified</pose><truncated>0</truncated><difficult>0</difficult><bndbox><xmin>32</xmin><ymin>155</ymin><xmax>224</xmax><ymax>320</ymax></bndbox></object><object><name>car</name><pose>Unspecified</pose><truncated>0</truncated><difficult>0</difficult><bndbox><xmin>403</xmin><ymin>223</ymin><xmax>446</xmax><ymax>265</ymax></bndbox></object><object><name>car</name><pose>Unspecified</pose><truncated>0</truncated><difficult>0</difficult><bndbox><xmin>238</xmin><ymin>221</ymin><xmax>308</xmax><ymax>280</ymax></bndbox></object><object><name>car</name><pose>Unspecified</pose><truncated>0</truncated><difficult>0</difficult><bndbox><xmin>301</xmin><ymin>223</ymin><xmax>334</xmax><ymax>267</ymax></bndbox></object><object><name>car</name><pose>Unspecified</pose><truncated>0</truncated><difficult>0</difficult><bndbox><xmin>2</xmin><ymin>206</ymin><xmax>43</xmax><ymax>308</ymax></bndbox></object><object><name>car</name><pose>Unspecified</pose><truncated>0</truncated><difficult>0</difficult><bndbox><xmin>477</xmin><ymin>226</ymin><xmax>512</xmax><ymax>250</ymax></bndbox></object><object><name>car</name><pose>Unspecified</pose><truncated>0</truncated><difficult>0</difficult><bndbox><xmin>449</xmin><ymin>222</ymin><xmax>475</xmax><ymax>253</ymax></bndbox></object></annotation>