<annotation><filename>dusttornado-032.jpg</filename><path>/home/kenmo/v_ws/OpenLabeling/main/input_sand/dusttornado-032.jpg</path><size><width>1280</width><height>720</height><depth>3</depth></size><object><name>car</name><pose>Unspecified</pose><truncated>0</truncated><difficult>0</difficult><bndbox><xmin>875</xmin><ymin>427</ymin><xmax>948</xmax><ymax>476</ymax></bndbox></object><object><name>bus</name><pose>Unspecified</pose><truncated>0</truncated><difficult>0</difficult><bndbox><xmin>1089</xmin><ymin>337</ymin><xmax>1275</xmax><ymax>514</ymax></bndbox></object></annotation>