<annotation><filename>dusttornado-033.jpg</filename><path>/home/kenmo/v_ws/OpenLabeling/main/input_sand/dusttornado-033.jpg</path><size><width>1200</width><height>676</height><depth>3</depth></size><object><name>car</name><pose>Unspecified</pose><truncated>0</truncated><difficult>0</difficult><bndbox><xmin>33</xmin><ymin>328</ymin><xmax>350</xmax><ymax>578</ymax></bndbox></object><object><name>car</name><pose>Unspecified</pose><truncated>0</truncated><difficult>0</difficult><bndbox><xmin>587</xmin><ymin>377</ymin><xmax>707</xmax><ymax>483</ymax></bndbox></object><object><name>car</name><pose>Unspecified</pose><truncated>0</truncated><difficult>0</difficult><bndbox><xmin>395</xmin><ymin>366</ymin><xmax>447</xmax><ymax>413</ymax></bndbox></object><object><name>bus</name><pose>Unspecified</pose><truncated>0</truncated><difficult>0</difficult><bndbox><xmin>1050</xmin><ymin>267</ymin><xmax>1194</xmax><ymax>564</ymax></bndbox></object><object><name>truck</name><pose>Unspecified</pose><truncated>0</truncated><difficult>0</difficult><bndbox><xmin>811</xmin><ymin>292</ymin><xmax>975</xmax><ymax>473</ymax></bndbox></object><object><name>truck</name><pose>Unspecified</pose><truncated>0</truncated><difficult>0</difficult><bndbox><xmin>677</xmin><ymin>363</ymin><xmax>750</xmax><ymax>457</ymax></bndbox></object><object><name>truck</name><pose>Unspecified</pose><truncated>0</truncated><difficult>0</difficult><bndbox><xmin>432</xmin><ymin>326</ymin><xmax>518</xmax><ymax>404</ymax></bndbox></object><object><name>car</name><pose>Unspecified</pose><truncated>0</truncated><difficult>0</difficult><bndbox><xmin>357</xmin><ymin>366</ymin><xmax>391</xmax><ymax>398</ymax></bndbox></object></annotation>