<annotation><filename>dusttornado-021.jpg</filename><path>/home/kenmo/v_ws/OpenLabeling/main/input_sand/dusttornado-021.jpg</path><size><width>600</width><height>300</height><depth>3</depth></size><object><name>car</name><pose>Unspecified</pose><truncated>0</truncated><difficult>0</difficult><bndbox><xmin>294</xmin><ymin>160</ymin><xmax>386</xmax><ymax>236</ymax></bndbox></object><object><name>car</name><pose>Unspecified</pose><truncated>0</truncated><difficult>0</difficult><bndbox><xmin>240</xmin><ymin>171</ymin><xmax>259</xmax><ymax>200</ymax></bndbox></object><object><name>car</name><pose>Unspecified</pose><truncated>0</truncated><difficult>0</difficult><bndbox><xmin>258</xmin><ymin>165</ymin><xmax>301</xmax><ymax>213</ymax></bndbox></object><object><name>bus</name><pose>Unspecified</pose><truncated>0</truncated><difficult>0</difficult><bndbox><xmin>320</xmin><ymin>122</ymin><xmax>404</xmax><ymax>226</ymax></bndbox></object><object><name>bus</name><pose>Unspecified</pose><truncated>0</truncated><difficult>0</difficult><bndbox><xmin>0</xmin><ymin>6</ymin><xmax>132</xmax><ymax>290</ymax></bndbox></object></annotation>