<annotation><filename>dust_119.jpg</filename><path>dust_119.jpg</path><size><width>640</width><height>640</height><depth>3</depth></size><object><name>person</name><pose>Unspecified</pose><truncated>0</truncated><difficult>0</difficult><bndbox><xmin>296</xmin><ymin>424</ymin><xmax>335</xmax><ymax>539</ymax></bndbox></object><object><name>person</name><pose>Unspecified</pose><truncated>0</truncated><difficult>0</difficult><bndbox><xmin>253</xmin><ymin>432</ymin><xmax>294</xmax><ymax>564</ymax></bndbox></object><object><name>person</name><pose>Unspecified</pose><truncated>0</truncated><difficult>0</difficult><bndbox><xmin>224</xmin><ymin>430</ymin><xmax>258</xmax><ymax>503</ymax></bndbox></object><object><name>person</name><pose>Unspecified</pose><truncated>0</truncated><difficult>0</difficult><bndbox><xmin>371</xmin><ymin>430</ymin><xmax>414</xmax><ymax>546</ymax></bndbox></object><object><name>car</name><pose>Unspecified</pose><truncated>0</truncated><difficult>0</difficult><bndbox><xmin>15</xmin><ymin>444</ymin><xmax>119</xmax><ymax>519</ymax></bndbox></object><object><name>truck</name><pose>Unspecified</pose><truncated>0</truncated><difficult>0</difficult><bndbox><xmin>116</xmin><ymin>433</ymin><xmax>173</xmax><ymax>524</ymax></bndbox></object></annotation>