<annotation><filename>dusttornado-024.jpg</filename><path>/home/kenmo/v_ws/OpenLabeling/main/input_sand/dusttornado-024.jpg</path><size><width>960</width><height>380</height><depth>3</depth></size><object><name>car</name><pose>Unspecified</pose><truncated>0</truncated><difficult>0</difficult><bndbox><xmin>60</xmin><ymin>98</ymin><xmax>165</xmax><ymax>158</ymax></bndbox></object><object><name>car</name><pose>Unspecified</pose><truncated>0</truncated><difficult>0</difficult><bndbox><xmin>534</xmin><ymin>122</ymin><xmax>584</xmax><ymax>161</ymax></bndbox></object></annotation>