<annotation><filename>dusttornado-015.jpg</filename><path>/home/kenmo/v_ws/OpenLabeling/main/input_sand/dusttornado-015.jpg</path><size><width>780</width><height>438</height><depth>3</depth></size><object><name>person</name><pose>Unspecified</pose><truncated>0</truncated><difficult>0</difficult><bndbox><xmin>244</xmin><ymin>214</ymin><xmax>342</xmax><ymax>369</ymax></bndbox></object><object><name>car</name><pose>Unspecified</pose><truncated>0</truncated><difficult>0</difficult><bndbox><xmin>342</xmin><ymin>222</ymin><xmax>424</xmax><ymax>294</ymax></bndbox></object><object><name>person</name><pose>Unspecified</pose><truncated>0</truncated><difficult>0</difficult><bndbox><xmin>443</xmin><ymin>214</ymin><xmax>549</xmax><ymax>372</ymax></bndbox></object><object><name>bus</name><pose>Unspecified</pose><truncated>0</truncated><difficult>0</difficult><bndbox><xmin>470</xmin><ymin>186</ymin><xmax>563</xmax><ymax>289</ymax></bndbox></object><object><name>car</name><pose>Unspecified</pose><truncated>0</truncated><difficult>0</difficult><bndbox><xmin>204</xmin><ymin>231</ymin><xmax>278</xmax><ymax>295</ymax></bndbox></object><object><name>truck</name><pose>Unspecified</pose><truncated>0</truncated><difficult>0</difficult><bndbox><xmin>68</xmin><ymin>164</ymin><xmax>194</xmax><ymax>244</ymax></bndbox></object><object><name>car</name><pose>Unspecified</pose><truncated>0</truncated><difficult>0</difficult><bndbox><xmin>308</xmin><ymin>234</ymin><xmax>349</xmax><ymax>270</ymax></bndbox></object><object><name>car</name><pose>Unspecified</pose><truncated>0</truncated><difficult>0</difficult><bndbox><xmin>414</xmin><ymin>240</ymin><xmax>436</xmax><ymax>273</ymax></bndbox></object><object><name>person</name><pose>Unspecified</pose><truncated>0</truncated><difficult>0</difficult><bndbox><xmin>755</xmin><ymin>233</ymin><xmax>778</xmax><ymax>272</ymax></bndbox></object><object><name>person</name><pose>Unspecified</pose><truncated>0</truncated><difficult>0</difficult><bndbox><xmin>719</xmin><ymin>242</ymin><xmax>744</xmax><ymax>272</ymax></bndbox></object><object><name>person</name><pose>Unspecified</pose><truncated>0</truncated><difficult>0</difficult><bndbox><xmin>685</xmin><ymin>241</ymin><xmax>709</xmax><ymax>272</ymax></bndbox></object></annotation>