<annotation><filename>dust_101.jpg</filename><path>dust_101.jpg</path><size><width>640</width><height>640</height><depth>3</depth></size><object><name>person</name><pose>Unspecified</pose><truncated>0</truncated><difficult>0</difficult><bndbox><xmin>410</xmin><ymin>351</ymin><xmax>471</xmax><ymax>539</ymax></bndbox></object><object><name>person</name><pose>Unspecified</pose><truncated>0</truncated><difficult>0</difficult><bndbox><xmin>351</xmin><ymin>369</ymin><xmax>421</xmax><ymax>467</ymax></bndbox></object><object><name>person</name><pose>Unspecified</pose><truncated>0</truncated><difficult>0</difficult><bndbox><xmin>305</xmin><ymin>348</ymin><xmax>346</xmax><ymax>508</ymax></bndbox></object></annotation>