<annotation><filename>dusttornado-034.jpg</filename><path>/home/kenmo/v_ws/OpenLabeling/main/input_sand/dusttornado-034.jpg</path><size><width>1200</width><height>675</height><depth>3</depth></size><object><name>car</name><pose>Unspecified</pose><truncated>0</truncated><difficult>0</difficult><bndbox><xmin>465</xmin><ymin>382</ymin><xmax>720</xmax><ymax>500</ymax></bndbox></object><object><name>car</name><pose>Unspecified</pose><truncated>0</truncated><difficult>0</difficult><bndbox><xmin>748</xmin><ymin>358</ymin><xmax>1006</xmax><ymax>454</ymax></bndbox></object><object><name>car</name><pose>Unspecified</pose><truncated>0</truncated><difficult>0</difficult><bndbox><xmin>28</xmin><ymin>388</ymin><xmax>170</xmax><ymax>474</ymax></bndbox></object><object><name>car</name><pose>Unspecified</pose><truncated>0</truncated><difficult>0</difficult><bndbox><xmin>702</xmin><ymin>338</ymin><xmax>849</xmax><ymax>415</ymax></bndbox></object><object><name>car</name><pose>Unspecified</pose><truncated>0</truncated><difficult>0</difficult><bndbox><xmin>951</xmin><ymin>325</ymin><xmax>1148</xmax><ymax>419</ymax></bndbox></object></annotation>