<annotation><filename>dusttornado-937.jpg</filename><path>/home/kenmo/v_ws/OpenLabeling/main/input_sand/dusttornado-937.jpg</path><size><width>465</width><height>340</height><depth>3</depth></size><object><name>car</name><pose>Unspecified</pose><truncated>0</truncated><difficult>0</difficult><bndbox><xmin>121</xmin><ymin>122</ymin><xmax>173</xmax><ymax>161</ymax></bndbox></object><object><name>car</name><pose>Unspecified</pose><truncated>0</truncated><difficult>0</difficult><bndbox><xmin>265</xmin><ymin>134</ymin><xmax>336</xmax><ymax>198</ymax></bndbox></object><object><name>truck</name><pose>Unspecified</pose><truncated>0</truncated><difficult>0</difficult><bndbox><xmin>246</xmin><ymin>116</ymin><xmax>312</xmax><ymax>175</ymax></bndbox></object></annotation>