<annotation><filename>dusttornado-027.jpg</filename><path>/home/kenmo/v_ws/OpenLabeling/main/input_sand/dusttornado-027.jpg</path><size><width>800</width><height>500</height><depth>3</depth></size><object><name>person</name><pose>Unspecified</pose><truncated>0</truncated><difficult>0</difficult><bndbox><xmin>369</xmin><ymin>190</ymin><xmax>471</xmax><ymax>375</ymax></bndbox></object><object><name>car</name><pose>Unspecified</pose><truncated>0</truncated><difficult>0</difficult><bndbox><xmin>148</xmin><ymin>193</ymin><xmax>431</xmax><ymax>359</ymax></bndbox></object><object><name>car</name><pose>Unspecified</pose><truncated>0</truncated><difficult>0</difficult><bndbox><xmin>658</xmin><ymin>237</ymin><xmax>760</xmax><ymax>316</ymax></bndbox></object><object><name>car</name><pose>Unspecified</pose><truncated>0</truncated><difficult>0</difficult><bndbox><xmin>464</xmin><ymin>234</ymin><xmax>636</xmax><ymax>335</ymax></bndbox></object><object><name>car</name><pose>Unspecified</pose><truncated>0</truncated><difficult>0</difficult><bndbox><xmin>484</xmin><ymin>205</ymin><xmax>621</xmax><ymax>279</ymax></bndbox></object><object><name>car</name><pose>Unspecified</pose><truncated>0</truncated><difficult>0</difficult><bndbox><xmin>69</xmin><ymin>226</ymin><xmax>125</xmax><ymax>292</ymax></bndbox></object><object><name>truck</name><pose>Unspecified</pose><truncated>0</truncated><difficult>0</difficult><bndbox><xmin>1</xmin><ymin>202</ymin><xmax>73</xmax><ymax>290</ymax></bndbox></object></annotation>