<annotation><filename>dusttornado-036.jpg</filename><path>/home/kenmo/v_ws/OpenLabeling/main/input_sand/dusttornado-036.jpg</path><size><width>1060</width><height>340</height><depth>3</depth></size><object><name>car</name><pose>Unspecified</pose><truncated>0</truncated><difficult>0</difficult><bndbox><xmin>533</xmin><ymin>122</ymin><xmax>593</xmax><ymax>169</ymax></bndbox></object><object><name>car</name><pose>Unspecified</pose><truncated>0</truncated><difficult>0</difficult><bndbox><xmin>400</xmin><ymin>114</ymin><xmax>468</xmax><ymax>172</ymax></bndbox></object><object><name>car</name><pose>Unspecified</pose><truncated>0</truncated><difficult>0</difficult><bndbox><xmin>375</xmin><ymin>134</ymin><xmax>449</xmax><ymax>190</ymax></bndbox></object></annotation>