<annotation><filename>dusttornado-030.jpg</filename><path>/home/kenmo/v_ws/OpenLabeling/main/input_sand/dusttornado-030.jpg</path><size><width>1136</width><height>721</height><depth>3</depth></size><object><name>car</name><pose>Unspecified</pose><truncated>0</truncated><difficult>0</difficult><bndbox><xmin>548</xmin><ymin>296</ymin><xmax>737</xmax><ymax>453</ymax></bndbox></object><object><name>car</name><pose>Unspecified</pose><truncated>0</truncated><difficult>0</difficult><bndbox><xmin>0</xmin><ymin>323</ymin><xmax>125</xmax><ymax>520</ymax></bndbox></object><object><name>car</name><pose>Unspecified</pose><truncated>0</truncated><difficult>0</difficult><bndbox><xmin>712</xmin><ymin>329</ymin><xmax>778</xmax><ymax>424</ymax></bndbox></object><object><name>car</name><pose>Unspecified</pose><truncated>0</truncated><difficult>0</difficult><bndbox><xmin>390</xmin><ymin>345</ymin><xmax>430</xmax><ymax>369</ymax></bndbox></object><object><name>car</name><pose>Unspecified</pose><truncated>0</truncated><difficult>0</difficult><bndbox><xmin>460</xmin><ymin>337</ymin><xmax>501</xmax><ymax>371</ymax></bndbox></object><object><name>car</name><pose>Unspecified</pose><truncated>0</truncated><difficult>0</difficult><bndbox><xmin>361</xmin><ymin>325</ymin><xmax>389</xmax><ymax>348</ymax></bndbox></object><object><name>truck</name><pose>Unspecified</pose><truncated>0</truncated><difficult>0</difficult><bndbox><xmin>860</xmin><ymin>294</ymin><xmax>891</xmax><ymax>330</ymax></bndbox></object></annotation>