<annotation><filename>dusttornado-014.jpg</filename><path>/home/kenmo/v_ws/OpenLabeling/main/input_sand/dusttornado-014.jpg</path><size><width>607</width><height>341</height><depth>3</depth></size><object><name>car</name><pose>Unspecified</pose><truncated>0</truncated><difficult>0</difficult><bndbox><xmin>487</xmin><ymin>171</ymin><xmax>591</xmax><ymax>256</ymax></bndbox></object><object><name>car</name><pose>Unspecified</pose><truncated>0</truncated><difficult>0</difficult><bndbox><xmin>72</xmin><ymin>166</ymin><xmax>140</xmax><ymax>198</ymax></bndbox></object><object><name>car</name><pose>Unspecified</pose><truncated>0</truncated><difficult>0</difficult><bndbox><xmin>384</xmin><ymin>157</ymin><xmax>417</xmax><ymax>188</ymax></bndbox></object><object><name>car</name><pose>Unspecified</pose><truncated>0</truncated><difficult>0</difficult><bndbox><xmin>283</xmin><ymin>156</ymin><xmax>373</xmax><ymax>215</ymax></bndbox></object><object><name>car</name><pose>Unspecified</pose><truncated>0</truncated><difficult>0</difficult><bndbox><xmin>421</xmin><ymin>159</ymin><xmax>442</xmax><ymax>174</ymax></bndbox></object><object><name>car</name><pose>Unspecified</pose><truncated>0</truncated><difficult>0</difficult><bndbox><xmin>138</xmin><ymin>152</ymin><xmax>156</xmax><ymax>164</ymax></bndbox></object><object><name>car</name><pose>Unspecified</pose><truncated>0</truncated><difficult>0</difficult><bndbox><xmin>184</xmin><ymin>152</ymin><xmax>202</xmax><ymax>162</ymax></bndbox></object><object><name>truck</name><pose>Unspecified</pose><truncated>0</truncated><difficult>0</difficult><bndbox><xmin>66</xmin><ymin>141</ymin><xmax>112</xmax><ymax>167</ymax></bndbox></object></annotation>