<annotation><filename>dust_113.jpg</filename><path>dust_113.jpg</path><size><width>640</width><height>640</height><depth>3</depth></size><object><name>person</name><pose>Unspecified</pose><truncated>0</truncated><difficult>0</difficult><bndbox><xmin>341</xmin><ymin>367</ymin><xmax>416</xmax><ymax>524</ymax></bndbox></object><object><name>person</name><pose>Unspecified</pose><truncated>0</truncated><difficult>0</difficult><bndbox><xmin>264</xmin><ymin>381</ymin><xmax>314</xmax><ymax>501</ymax></bndbox></object></annotation>