<annotation><filename>dust_123.jpg</filename><path>dust_123.jpg</path><size><width>640</width><height>640</height><depth>3</depth></size><object><name>bus</name><pose>Unspecified</pose><truncated>0</truncated><difficult>0</difficult><bndbox><xmin>1</xmin><ymin>208</ymin><xmax>281</xmax><ymax>641</ymax></bndbox></object><object><name>bus</name><pose>Unspecified</pose><truncated>0</truncated><difficult>0</difficult><bndbox><xmin>331</xmin><ymin>8</ymin><xmax>641</xmax><ymax>641</ymax></bndbox></object></annotation>