<annotation><filename>dusttornado-016.jpg</filename><path>/home/kenmo/v_ws/OpenLabeling/main/input_sand/dusttornado-016.jpg</path><size><width>780</width><height>439</height><depth>3</depth></size><object><name>car</name><pose>Unspecified</pose><truncated>0</truncated><difficult>0</difficult><bndbox><xmin>350</xmin><ymin>202</ymin><xmax>459</xmax><ymax>280</ymax></bndbox></object><object><name>car</name><pose>Unspecified</pose><truncated>0</truncated><difficult>0</difficult><bndbox><xmin>475</xmin><ymin>214</ymin><xmax>537</xmax><ymax>258</ymax></bndbox></object><object><name>car</name><pose>Unspecified</pose><truncated>0</truncated><difficult>0</difficult><bndbox><xmin>299</xmin><ymin>205</ymin><xmax>340</xmax><ymax>243</ymax></bndbox></object><object><name>car</name><pose>Unspecified</pose><truncated>0</truncated><difficult>0</difficult><bndbox><xmin>139</xmin><ymin>183</ymin><xmax>251</xmax><ymax>279</ymax></bndbox></object><object><name>car</name><pose>Unspecified</pose><truncated>0</truncated><difficult>0</difficult><bndbox><xmin>613</xmin><ymin>192</ymin><xmax>691</xmax><ymax>261</ymax></bndbox></object><object><name>car</name><pose>Unspecified</pose><truncated>0</truncated><difficult>0</difficult><bndbox><xmin>453</xmin><ymin>210</ymin><xmax>482</xmax><ymax>235</ymax></bndbox></object></annotation>