<annotation><filename>dust_125.jpg</filename><path>dust_125.jpg</path><size><width>640</width><height>640</height><depth>3</depth></size><object><name>van</name><pose>Unspecified</pose><truncated>0</truncated><difficult>0</difficult><bndbox><xmin>481</xmin><ymin>78</ymin><xmax>641</xmax><ymax>421</ymax></bndbox></object><object><name>van</name><pose>Unspecified</pose><truncated>0</truncated><difficult>0</difficult><bndbox><xmin>10</xmin><ymin>101</ymin><xmax>310</xmax><ymax>412</ymax></bndbox></object><object><name>van</name><pose>Unspecified</pose><truncated>0</truncated><difficult>0</difficult><bndbox><xmin>226</xmin><ymin>185</ymin><xmax>392</xmax><ymax>360</ymax></bndbox></object></annotation>