<annotation><filename>dust_0.jpg</filename><path>dust_0.jpg</path><size><width>640</width><height>640</height><depth>3</depth></size><object><name>van</name><pose>Unspecified</pose><truncated>0</truncated><difficult>0</difficult><bndbox><xmin>21</xmin><ymin>206</ymin><xmax>333</xmax><ymax>521</ymax></bndbox></object><object><name>van</name><pose>Unspecified</pose><truncated>0</truncated><difficult>0</difficult><bndbox><xmin>460</xmin><ymin>305</ymin><xmax>515</xmax><ymax>362</ymax></bndbox></object></annotation>