<annotation><filename>dusttornado-007.jpg</filename><path>/home/kenmo/v_ws/OpenLabeling/main/input_sand/dusttornado-007.jpg</path><size><width>1024</width><height>571</height><depth>3</depth></size><object><name>truck</name><pose>Unspecified</pose><truncated>0</truncated><difficult>0</difficult><bndbox><xmin>221</xmin><ymin>323</ymin><xmax>577</xmax><ymax>528</ymax></bndbox></object><object><name>truck</name><pose>Unspecified</pose><truncated>0</truncated><difficult>0</difficult><bndbox><xmin>589</xmin><ymin>424</ymin><xmax>700</xmax><ymax>513</ymax></bndbox></object><object><name>person</name><pose>Unspecified</pose><truncated>0</truncated><difficult>0</difficult><bndbox><xmin>694</xmin><ymin>423</ymin><xmax>737</xmax><ymax>515</ymax></bndbox></object></annotation>