<annotation><filename>dust_118.jpg</filename><path>dust_118.jpg</path><size><width>640</width><height>640</height><depth>3</depth></size><object><name>person</name><pose>Unspecified</pose><truncated>0</truncated><difficult>0</difficult><bndbox><xmin>183</xmin><ymin>453</ymin><xmax>208</xmax><ymax>524</ymax></bndbox></object><object><name>person</name><pose>Unspecified</pose><truncated>0</truncated><difficult>0</difficult><bndbox><xmin>132</xmin><ymin>455</ymin><xmax>164</xmax><ymax>549</ymax></bndbox></object><object><name>person</name><pose>Unspecified</pose><truncated>0</truncated><difficult>0</difficult><bndbox><xmin>21</xmin><ymin>455</ymin><xmax>56</xmax><ymax>540</ymax></bndbox></object><object><name>truck</name><pose>Unspecified</pose><truncated>0</truncated><difficult>0</difficult><bndbox><xmin>242</xmin><ymin>444</ymin><xmax>314</xmax><ymax>504</ymax></bndbox></object></annotation>