<annotation><filename>dusttornado-006.jpg</filename><path>/home/kenmo/v_ws/OpenLabeling/main/input_sand/dusttornado-006.jpg</path><size><width>592</width><height>366</height><depth>3</depth></size><object><name>car</name><pose>Unspecified</pose><truncated>0</truncated><difficult>0</difficult><bndbox><xmin>270</xmin><ymin>109</ymin><xmax>443</xmax><ymax>204</ymax></bndbox></object><object><name>car</name><pose>Unspecified</pose><truncated>0</truncated><difficult>0</difficult><bndbox><xmin>76</xmin><ymin>112</ymin><xmax>259</xmax><ymax>278</ymax></bndbox></object><object><name>bus</name><pose>Unspecified</pose><truncated>0</truncated><difficult>0</difficult><bndbox><xmin>403</xmin><ymin>78</ymin><xmax>475</xmax><ymax>146</ymax></bndbox></object></annotation>