<annotation><filename>dusttornado-017.jpg</filename><path>/home/kenmo/v_ws/OpenLabeling/main/input_sand/dusttornado-017.jpg</path><size><width>780</width><height>438</height><depth>3</depth></size><object><name>car</name><pose>Unspecified</pose><truncated>0</truncated><difficult>0</difficult><bndbox><xmin>233</xmin><ymin>295</ymin><xmax>383</xmax><ymax>413</ymax></bndbox></object><object><name>bus</name><pose>Unspecified</pose><truncated>0</truncated><difficult>0</difficult><bndbox><xmin>415</xmin><ymin>255</ymin><xmax>492</xmax><ymax>341</ymax></bndbox></object><object><name>car</name><pose>Unspecified</pose><truncated>0</truncated><difficult>0</difficult><bndbox><xmin>516</xmin><ymin>297</ymin><xmax>563</xmax><ymax>335</ymax></bndbox></object><object><name>car</name><pose>Unspecified</pose><truncated>0</truncated><difficult>0</difficult><bndbox><xmin>572</xmin><ymin>285</ymin><xmax>633</xmax><ymax>335</ymax></bndbox></object><object><name>bus</name><pose>Unspecified</pose><truncated>0</truncated><difficult>0</difficult><bndbox><xmin>84</xmin><ymin>254</ymin><xmax>243</xmax><ymax>315</ymax></bndbox></object><object><name>person</name><pose>Unspecified</pose><truncated>0</truncated><difficult>0</difficult><bndbox><xmin>83</xmin><ymin>259</ymin><xmax>107</xmax><ymax>382</ymax></bndbox></object><object><name>person</name><pose>Unspecified</pose><truncated>0</truncated><difficult>0</difficult><bndbox><xmin>73</xmin><ymin>269</ymin><xmax>99</xmax><ymax>379</ymax></bndbox></object><object><name>person</name><pose>Unspecified</pose><truncated>0</truncated><difficult>0</difficult><bndbox><xmin>106</xmin><ymin>276</ymin><xmax>145</xmax><ymax>389</ymax></bndbox></object></annotation>