<annotation><filename>dusttornado-013.jpg</filename><path>/home/kenmo/v_ws/OpenLabeling/main/input_sand/dusttornado-013.jpg</path><size><width>540</width><height>301</height><depth>3</depth></size><object><name>car</name><pose>Unspecified</pose><truncated>0</truncated><difficult>0</difficult><bndbox><xmin>350</xmin><ymin>185</ymin><xmax>426</xmax><ymax>238</ymax></bndbox></object><object><name>truck</name><pose>Unspecified</pose><truncated>0</truncated><difficult>0</difficult><bndbox><xmin>250</xmin><ymin>155</ymin><xmax>312</xmax><ymax>217</ymax></bndbox></object><object><name>truck</name><pose>Unspecified</pose><truncated>0</truncated><difficult>0</difficult><bndbox><xmin>60</xmin><ymin>64</ymin><xmax>255</xmax><ymax>255</ymax></bndbox></object><object><name>car</name><pose>Unspecified</pose><truncated>0</truncated><difficult>0</difficult><bndbox><xmin>344</xmin><ymin>166</ymin><xmax>399</xmax><ymax>216</ymax></bndbox></object></annotation>