<annotation><filename>dusttornado-026.jpg</filename><path>/home/kenmo/v_ws/OpenLabeling/main/input_sand/dusttornado-026.jpg</path><size><width>448</width><height>252</height><depth>3</depth></size><object><name>car</name><pose>Unspecified</pose><truncated>0</truncated><difficult>0</difficult><bndbox><xmin>51</xmin><ymin>113</ymin><xmax>154</xmax><ymax>193</ymax></bndbox></object><object><name>car</name><pose>Unspecified</pose><truncated>0</truncated><difficult>0</difficult><bndbox><xmin>287</xmin><ymin>113</ymin><xmax>383</xmax><ymax>183</ymax></bndbox></object></annotation>