<annotation><filename>dusttornado-019.jpg</filename><path>/home/kenmo/v_ws/OpenLabeling/main/input_sand/dusttornado-019.jpg</path><size><width>650</width><height>294</height><depth>3</depth></size><object><name>car</name><pose>Unspecified</pose><truncated>0</truncated><difficult>0</difficult><bndbox><xmin>259</xmin><ymin>152</ymin><xmax>371</xmax><ymax>236</ymax></bndbox></object><object><name>car</name><pose>Unspecified</pose><truncated>0</truncated><difficult>0</difficult><bndbox><xmin>41</xmin><ymin>145</ymin><xmax>88</xmax><ymax>196</ymax></bndbox></object></annotation>